task_id,task_name,policy,successes,episodes,success_rate_percent,source,source_task_id,identity_kind,checkpoint_sha256
0,pick_up_the_black_bowl_between_the_plate_and_the_ramekin_and_place_it_on_the_plate,act,42,50,84,libero_spatial/episodes.csv,0,fixed_initial_state,22ac24d35a50252bced84f93747106b3267de468f55b9113bfd7dd0f37c49cc0
0,pick_up_the_black_bowl_between_the_plate_and_the_ramekin_and_place_it_on_the_plate,dp,48,50,96,libero_spatial/episodes.csv,0,fixed_initial_state,1478da38dd26ac2b210d399d401073bdaddf5660bc60ca07b5680ed38f9cfa66
0,pick_up_the_black_bowl_between_the_plate_and_the_ramekin_and_place_it_on_the_plate,smolvla,47,50,94,vla_spatial/snapshot.json,0,native_episode_index,00e97bf8074a70e4bf53a474d99c6e105c52dffd09a10655614297ffc2fe4b83
0,pick_up_the_black_bowl_between_the_plate_and_the_ramekin_and_place_it_on_the_plate,pi0,50,50,100,mujoco332/episodes.csv,0,fixed_initial_state,8a9f98014dea8b5aba02cba766a5ca7ba4512e32a3d3b84c871909fed3a4e9a6
1,pick_up_the_black_bowl_from_table_center_and_place_it_on_the_plate,act,48,50,96,libero_spatial/episodes.csv,1,fixed_initial_state,22ac24d35a50252bced84f93747106b3267de468f55b9113bfd7dd0f37c49cc0
1,pick_up_the_black_bowl_from_table_center_and_place_it_on_the_plate,dp,50,50,100,libero_spatial/episodes.csv,1,fixed_initial_state,1478da38dd26ac2b210d399d401073bdaddf5660bc60ca07b5680ed38f9cfa66
1,pick_up_the_black_bowl_from_table_center_and_place_it_on_the_plate,smolvla,49,50,98,vla_spatial/snapshot.json,2,native_episode_index,00e97bf8074a70e4bf53a474d99c6e105c52dffd09a10655614297ffc2fe4b83
1,pick_up_the_black_bowl_from_table_center_and_place_it_on_the_plate,pi0,49,50,98,mujoco332/episodes.csv,1,fixed_initial_state,8a9f98014dea8b5aba02cba766a5ca7ba4512e32a3d3b84c871909fed3a4e9a6
2,pick_up_the_black_bowl_in_the_top_drawer_of_the_wooden_cabinet_and_place_it_on_the_plate,act,45,50,90,libero_spatial/episodes.csv,2,fixed_initial_state,22ac24d35a50252bced84f93747106b3267de468f55b9113bfd7dd0f37c49cc0
2,pick_up_the_black_bowl_in_the_top_drawer_of_the_wooden_cabinet_and_place_it_on_the_plate,dp,45,50,90,libero_spatial/episodes.csv,2,fixed_initial_state,1478da38dd26ac2b210d399d401073bdaddf5660bc60ca07b5680ed38f9cfa66
2,pick_up_the_black_bowl_in_the_top_drawer_of_the_wooden_cabinet_and_place_it_on_the_plate,smolvla,44,50,88,vla_spatial/snapshot.json,4,native_episode_index,00e97bf8074a70e4bf53a474d99c6e105c52dffd09a10655614297ffc2fe4b83
2,pick_up_the_black_bowl_in_the_top_drawer_of_the_wooden_cabinet_and_place_it_on_the_plate,pi0,46,50,92,mujoco332/episodes.csv,2,fixed_initial_state,8a9f98014dea8b5aba02cba766a5ca7ba4512e32a3d3b84c871909fed3a4e9a6
3,pick_up_the_black_bowl_next_to_the_cookie_box_and_place_it_on_the_plate,act,48,50,96,libero_spatial/episodes.csv,3,fixed_initial_state,22ac24d35a50252bced84f93747106b3267de468f55b9113bfd7dd0f37c49cc0
3,pick_up_the_black_bowl_next_to_the_cookie_box_and_place_it_on_the_plate,dp,47,50,94,libero_spatial/episodes.csv,3,fixed_initial_state,1478da38dd26ac2b210d399d401073bdaddf5660bc60ca07b5680ed38f9cfa66
3,pick_up_the_black_bowl_next_to_the_cookie_box_and_place_it_on_the_plate,smolvla,49,50,98,vla_spatial/snapshot.json,6,native_episode_index,00e97bf8074a70e4bf53a474d99c6e105c52dffd09a10655614297ffc2fe4b83
3,pick_up_the_black_bowl_next_to_the_cookie_box_and_place_it_on_the_plate,pi0,47,50,94,mujoco332/episodes.csv,3,fixed_initial_state,8a9f98014dea8b5aba02cba766a5ca7ba4512e32a3d3b84c871909fed3a4e9a6
4,pick_up_the_black_bowl_next_to_the_plate_and_place_it_on_the_plate,act,38,50,76,libero_spatial/episodes.csv,4,fixed_initial_state,22ac24d35a50252bced84f93747106b3267de468f55b9113bfd7dd0f37c49cc0
4,pick_up_the_black_bowl_next_to_the_plate_and_place_it_on_the_plate,dp,35,50,70,libero_spatial/episodes.csv,4,fixed_initial_state,1478da38dd26ac2b210d399d401073bdaddf5660bc60ca07b5680ed38f9cfa66
4,pick_up_the_black_bowl_next_to_the_plate_and_place_it_on_the_plate,smolvla,38,50,76,vla_spatial/snapshot.json,8,native_episode_index,00e97bf8074a70e4bf53a474d99c6e105c52dffd09a10655614297ffc2fe4b83
4,pick_up_the_black_bowl_next_to_the_plate_and_place_it_on_the_plate,pi0,37,50,74,mujoco332/episodes.csv,4,fixed_initial_state,8a9f98014dea8b5aba02cba766a5ca7ba4512e32a3d3b84c871909fed3a4e9a6
5,pick_up_the_black_bowl_next_to_the_ramekin_and_place_it_on_the_plate,act,41,50,82,libero_spatial/episodes.csv,5,fixed_initial_state,22ac24d35a50252bced84f93747106b3267de468f55b9113bfd7dd0f37c49cc0
5,pick_up_the_black_bowl_next_to_the_ramekin_and_place_it_on_the_plate,dp,49,50,98,libero_spatial/episodes.csv,5,fixed_initial_state,1478da38dd26ac2b210d399d401073bdaddf5660bc60ca07b5680ed38f9cfa66
5,pick_up_the_black_bowl_next_to_the_ramekin_and_place_it_on_the_plate,smolvla,47,50,94,vla_spatial/snapshot.json,1,native_episode_index,00e97bf8074a70e4bf53a474d99c6e105c52dffd09a10655614297ffc2fe4b83
5,pick_up_the_black_bowl_next_to_the_ramekin_and_place_it_on_the_plate,pi0,42,50,84,mujoco332/episodes.csv,5,fixed_initial_state,8a9f98014dea8b5aba02cba766a5ca7ba4512e32a3d3b84c871909fed3a4e9a6
6,pick_up_the_black_bowl_on_the_cookie_box_and_place_it_on_the_plate,act,46,50,92,libero_spatial/episodes.csv,6,fixed_initial_state,22ac24d35a50252bced84f93747106b3267de468f55b9113bfd7dd0f37c49cc0
6,pick_up_the_black_bowl_on_the_cookie_box_and_place_it_on_the_plate,dp,47,50,94,libero_spatial/episodes.csv,6,fixed_initial_state,1478da38dd26ac2b210d399d401073bdaddf5660bc60ca07b5680ed38f9cfa66
6,pick_up_the_black_bowl_on_the_cookie_box_and_place_it_on_the_plate,smolvla,45,50,90,vla_spatial/snapshot.json,3,native_episode_index,00e97bf8074a70e4bf53a474d99c6e105c52dffd09a10655614297ffc2fe4b83
6,pick_up_the_black_bowl_on_the_cookie_box_and_place_it_on_the_plate,pi0,45,50,90,mujoco332/episodes.csv,6,fixed_initial_state,8a9f98014dea8b5aba02cba766a5ca7ba4512e32a3d3b84c871909fed3a4e9a6
7,pick_up_the_black_bowl_on_the_ramekin_and_place_it_on_the_plate,act,34,50,68,mujoco332/episodes.csv,7,fixed_initial_state,25998665d3fdfa28b1c3ddd0ad13ea5b9433a64b025904e033de027857949d62
7,pick_up_the_black_bowl_on_the_ramekin_and_place_it_on_the_plate,dp,37,50,74,mujoco332/episodes.csv,7,fixed_initial_state,1478da38dd26ac2b210d399d401073bdaddf5660bc60ca07b5680ed38f9cfa66
7,pick_up_the_black_bowl_on_the_ramekin_and_place_it_on_the_plate,smolvla,47,50,94,mujoco332/episodes.csv,5,native_episode_index,00e97bf8074a70e4bf53a474d99c6e105c52dffd09a10655614297ffc2fe4b83
7,pick_up_the_black_bowl_on_the_ramekin_and_place_it_on_the_plate,pi0,42,50,84,mujoco332/episodes.csv,7,fixed_initial_state,8a9f98014dea8b5aba02cba766a5ca7ba4512e32a3d3b84c871909fed3a4e9a6
8,pick_up_the_black_bowl_on_the_stove_and_place_it_on_the_plate,act,43,50,86,libero_spatial/episodes.csv,8,fixed_initial_state,22ac24d35a50252bced84f93747106b3267de468f55b9113bfd7dd0f37c49cc0
8,pick_up_the_black_bowl_on_the_stove_and_place_it_on_the_plate,dp,44,50,88,libero_spatial/episodes.csv,8,fixed_initial_state,1478da38dd26ac2b210d399d401073bdaddf5660bc60ca07b5680ed38f9cfa66
8,pick_up_the_black_bowl_on_the_stove_and_place_it_on_the_plate,smolvla,42,50,84,vla_spatial/snapshot.json,7,native_episode_index,00e97bf8074a70e4bf53a474d99c6e105c52dffd09a10655614297ffc2fe4b83
8,pick_up_the_black_bowl_on_the_stove_and_place_it_on_the_plate,pi0,38,50,76,mujoco332/episodes.csv,8,fixed_initial_state,8a9f98014dea8b5aba02cba766a5ca7ba4512e32a3d3b84c871909fed3a4e9a6
9,pick_up_the_black_bowl_on_the_wooden_cabinet_and_place_it_on_the_plate,act,49,50,98,libero_spatial/episodes.csv,9,fixed_initial_state,22ac24d35a50252bced84f93747106b3267de468f55b9113bfd7dd0f37c49cc0
9,pick_up_the_black_bowl_on_the_wooden_cabinet_and_place_it_on_the_plate,dp,42,50,84,libero_spatial/episodes.csv,9,fixed_initial_state,1478da38dd26ac2b210d399d401073bdaddf5660bc60ca07b5680ed38f9cfa66
9,pick_up_the_black_bowl_on_the_wooden_cabinet_and_place_it_on_the_plate,smolvla,40,50,80,vla_spatial/snapshot.json,9,native_episode_index,00e97bf8074a70e4bf53a474d99c6e105c52dffd09a10655614297ffc2fe4b83
9,pick_up_the_black_bowl_on_the_wooden_cabinet_and_place_it_on_the_plate,pi0,42,50,84,mujoco332/episodes.csv,9,fixed_initial_state,8a9f98014dea8b5aba02cba766a5ca7ba4512e32a3d3b84c871909fed3a4e9a6
