chunk,mode,epoch,mean,std
1,chunk,8,27.333333333333332,11.514483632943916
1,chunk,16,23.166666666666668,1.6072751268321592
1,chunk,24,22.333333333333332,7.3711147958319945
1,chunk,32,19.833333333333332,6.825198409814424
1,replan,8,27.333333333333332,11.514483632943916
1,replan,16,23.166666666666668,1.6072751268321592
1,replan,24,22.333333333333332,7.3711147958319945
1,replan,32,19.833333333333332,6.825198409814424
1,ensemble,8,27.333333333333332,11.514483632943916
1,ensemble,16,23.166666666666668,1.6072751268321592
1,ensemble,24,22.333333333333332,7.3711147958319945
1,ensemble,32,19.833333333333332,6.825198409814424
8,chunk,8,77.83333333333333,11.557825631723873
8,chunk,16,75.83333333333333,5.484827557301444
8,chunk,24,83.5,5.678908345800274
8,chunk,32,83.83333333333333,5.575242894559244
8,replan,8,55.0,7.053367989832942
8,replan,16,49.666666666666664,7.8155827251289
8,replan,24,51.333333333333336,1.0408329997330665
8,replan,32,48.166666666666664,9.776672917374972
8,ensemble,8,79.66666666666667,7.522189397597839
8,ensemble,16,75.66666666666667,6.5255906501506304
8,ensemble,24,81.0,6.726812023536855
8,ensemble,32,82.0,8.231038816577165
16,chunk,8,80.0,5.766281297335398
16,chunk,16,83.0,4.444097208657794
16,chunk,24,83.33333333333333,3.253203549323856
16,chunk,32,84.83333333333333,4.163331998932265
16,replan,8,62.333333333333336,13.079882772155617
16,replan,16,49.666666666666664,6.448514040717704
16,replan,24,49.166666666666664,6.788470618138763
16,replan,32,52.833333333333336,3.2532035493238594
16,ensemble,8,81.33333333333333,5.795112883571237
16,ensemble,16,82.5,3.0
16,ensemble,24,83.83333333333333,2.7537852736430506
16,ensemble,32,84.0,3.0413812651491097
32,chunk,8,51.166666666666664,9.865765724632494
32,chunk,16,64.33333333333333,10.016652800877813
32,chunk,24,68.33333333333333,12.168949557514543
32,chunk,32,68.16666666666667,14.189197769195172
32,replan,8,59.166666666666664,11.470977871713176
32,replan,16,61.5,1.0
32,replan,24,60.0,6.999999999999999
32,replan,32,59.666666666666664,1.0408329997330665
32,ensemble,8,45.666666666666664,8.948929172439204
32,ensemble,16,57.0,5.408326913195984
32,ensemble,24,57.0,6.928203230275509
32,ensemble,32,59.333333333333336,10.88959748261309
