task_id,task_name,initial_state_id,success,steps,model_calls,eval_seed,reset_protocol,reset_state_sha256
0,pick_up_the_black_bowl_between_the_plate_and_the_ramekin_and_place_it_on_the_plate,0,1,81,9,10000,property_sampler_clear_v1,6e51732529d0b35d0fbb6c7eb8df477f6ca8e7b12f0b894408b7af87a09f36b1
0,pick_up_the_black_bowl_between_the_plate_and_the_ramekin_and_place_it_on_the_plate,1,1,78,8,10001,property_sampler_clear_v1,3c1a404b537a27e3533ff629dd2c9f5f268e9ba6c6187b82173b4d8e5f2d2507
0,pick_up_the_black_bowl_between_the_plate_and_the_ramekin_and_place_it_on_the_plate,2,1,82,9,10002,property_sampler_clear_v1,63d6e63e2747c311ba81b685a1bc40ecb0be3bbeeb54f6f147edceb71a02909f
0,pick_up_the_black_bowl_between_the_plate_and_the_ramekin_and_place_it_on_the_plate,3,1,74,8,10003,property_sampler_clear_v1,ff17bebea6736ea3c1a29a4a1328f57c9070ce45ebce1b4a09878389f57a29f7
0,pick_up_the_black_bowl_between_the_plate_and_the_ramekin_and_place_it_on_the_plate,4,1,73,8,10004,property_sampler_clear_v1,c7b7b890e437f8784afe511afdc2063a6ef4aeb515b87608a00b9bf4169244f8
0,pick_up_the_black_bowl_between_the_plate_and_the_ramekin_and_place_it_on_the_plate,5,1,74,8,10005,property_sampler_clear_v1,a870cf9d2d26ab73448281fa9c49c144738c707f6fa9edb53cf9a3cf6fae27ae
0,pick_up_the_black_bowl_between_the_plate_and_the_ramekin_and_place_it_on_the_plate,6,1,78,8,10006,property_sampler_clear_v1,c9760740ea851add7ece837c403267f4d148f9a19e2e1f7d43e720df00233779
0,pick_up_the_black_bowl_between_the_plate_and_the_ramekin_and_place_it_on_the_plate,7,1,83,9,10007,property_sampler_clear_v1,a40e938ed9b6b9ebc86b32cb194edde1b007d8928cf09e575ae03fe0e7866511
0,pick_up_the_black_bowl_between_the_plate_and_the_ramekin_and_place_it_on_the_plate,8,1,83,9,10008,property_sampler_clear_v1,567eaa0af9c7149eaed27e193f5a838b3c066b069f7e75a9f25b6fde4cd70ba3
0,pick_up_the_black_bowl_between_the_plate_and_the_ramekin_and_place_it_on_the_plate,9,1,82,9,10009,property_sampler_clear_v1,ad7b47e22b6f8dba363861bfff6ad30f534738d1ebda26a7f545b2c8c26c4f56
0,pick_up_the_black_bowl_between_the_plate_and_the_ramekin_and_place_it_on_the_plate,10,1,85,9,10010,property_sampler_clear_v1,4bd3d2c13503f9b833ac71a14adb7fe89a4659c2be8787d716468c3a915f5032
0,pick_up_the_black_bowl_between_the_plate_and_the_ramekin_and_place_it_on_the_plate,11,1,73,8,10011,property_sampler_clear_v1,9776c1fb9eb41b9773c01838cd2c1f662c3af59424eeb3e4c3c1df7a63dbeee4
0,pick_up_the_black_bowl_between_the_plate_and_the_ramekin_and_place_it_on_the_plate,12,1,74,8,10012,property_sampler_clear_v1,51226d93e0f612eaa9605b3a2beffd3f4beca3b7946cfeec5857f0a740ae6741
0,pick_up_the_black_bowl_between_the_plate_and_the_ramekin_and_place_it_on_the_plate,13,1,87,9,10013,property_sampler_clear_v1,d1d87cf008c7aff8391f49c49ab61637cc874187c065ac0d0aba16b5744b11c8
0,pick_up_the_black_bowl_between_the_plate_and_the_ramekin_and_place_it_on_the_plate,14,1,77,8,10014,property_sampler_clear_v1,99e04d4cd62faf767ecc909f0bf5d07196db473ff7cee1dfc9822c4714207eb4
0,pick_up_the_black_bowl_between_the_plate_and_the_ramekin_and_place_it_on_the_plate,15,1,73,8,10015,property_sampler_clear_v1,aee1def493e1834834613a75d54b4b28e70f9e4314356a42b6af53d712d736b8
0,pick_up_the_black_bowl_between_the_plate_and_the_ramekin_and_place_it_on_the_plate,16,1,80,8,10016,property_sampler_clear_v1,eb01b38618c09980410dad5472b22eeabf8266d9a2b895b6dcd8c9e26f70ec74
0,pick_up_the_black_bowl_between_the_plate_and_the_ramekin_and_place_it_on_the_plate,17,1,76,8,10017,property_sampler_clear_v1,b72cdd340c412f40978ccc0ec4d0714470e86d0bfedb394b75eca0c601f3bb16
0,pick_up_the_black_bowl_between_the_plate_and_the_ramekin_and_place_it_on_the_plate,18,1,84,9,10018,property_sampler_clear_v1,2926f0a83e8f79e99561df2464151716ec7e4526aaa86db67f89149041900774
0,pick_up_the_black_bowl_between_the_plate_and_the_ramekin_and_place_it_on_the_plate,19,1,81,9,10019,property_sampler_clear_v1,02f1c9c2b9f9c2e4e8cddf96c888ef3f8f8a977f207136be427c9382b0b2da26
0,pick_up_the_black_bowl_between_the_plate_and_the_ramekin_and_place_it_on_the_plate,20,1,81,9,10020,property_sampler_clear_v1,a8afba852d4c5221e99e59af3a9cbacf920384382cde94c4aeec12bea0fd574f
0,pick_up_the_black_bowl_between_the_plate_and_the_ramekin_and_place_it_on_the_plate,21,1,73,8,10021,property_sampler_clear_v1,71e5ae6c1521afada81ff17bcf72646e854150bca8e356fb102f11dead1a9ca7
0,pick_up_the_black_bowl_between_the_plate_and_the_ramekin_and_place_it_on_the_plate,22,1,85,9,10022,property_sampler_clear_v1,43cb9a8b54efd5ba84b074369fc7e02b6f70b0ae551d13acfe1a81a00a69f50f
0,pick_up_the_black_bowl_between_the_plate_and_the_ramekin_and_place_it_on_the_plate,23,1,79,8,10023,property_sampler_clear_v1,ce5438c2cec5edc3cbb43d638381210ea438044cf817b8a13e2973821dca7bf0
0,pick_up_the_black_bowl_between_the_plate_and_the_ramekin_and_place_it_on_the_plate,24,0,280,28,10024,property_sampler_clear_v1,3b755213adfbf00ada10d35ad12c9812ba4d24bbbcfea16256ffa5305bf306c7
0,pick_up_the_black_bowl_between_the_plate_and_the_ramekin_and_place_it_on_the_plate,25,1,78,8,10025,property_sampler_clear_v1,341341bd7681fb63aa6f3227a3153239c143ddd352b3f8c85a7445eb2f053f75
0,pick_up_the_black_bowl_between_the_plate_and_the_ramekin_and_place_it_on_the_plate,26,1,85,9,10026,property_sampler_clear_v1,c578454f1e3c8d5d2376af9a23b08b95f730108c6e3af5dd293ff5bf5f4d75c0
0,pick_up_the_black_bowl_between_the_plate_and_the_ramekin_and_place_it_on_the_plate,27,1,84,9,10027,property_sampler_clear_v1,6a8c8faed444278b64c1da24c704307e6cce78d642e2fa5c08bd139ddf028437
0,pick_up_the_black_bowl_between_the_plate_and_the_ramekin_and_place_it_on_the_plate,28,1,78,8,10028,property_sampler_clear_v1,d6972e77b7fd7df6548c48044031db3b2a8ef3414f4be3b34a1429786ddfc793
0,pick_up_the_black_bowl_between_the_plate_and_the_ramekin_and_place_it_on_the_plate,29,1,76,8,10029,property_sampler_clear_v1,45bcc6a6eb2dc0e756accebc10edff1fd3a9a705b595bee96f0b6c1d4de2e015
0,pick_up_the_black_bowl_between_the_plate_and_the_ramekin_and_place_it_on_the_plate,30,1,83,9,10030,property_sampler_clear_v1,5a369b1c95810dc4fefb1227b54bd11fbd6d3cbc38f682bdddd4065228bc0416
0,pick_up_the_black_bowl_between_the_plate_and_the_ramekin_and_place_it_on_the_plate,31,1,78,8,10031,property_sampler_clear_v1,2c3a82047a43b7a184316c3456273c86230384c1e87bb069061f47171014c35a
0,pick_up_the_black_bowl_between_the_plate_and_the_ramekin_and_place_it_on_the_plate,32,1,80,8,10032,property_sampler_clear_v1,44230767862697b7e364a5dddde5e7ee77a9ff7b30321958144838c0c10f0be2
0,pick_up_the_black_bowl_between_the_plate_and_the_ramekin_and_place_it_on_the_plate,33,1,76,8,10033,property_sampler_clear_v1,022f4afb2775799da13f9590b42bbeade8a2e16afa3d6fcd158808a869461884
0,pick_up_the_black_bowl_between_the_plate_and_the_ramekin_and_place_it_on_the_plate,34,1,75,8,10034,property_sampler_clear_v1,016374b90bc89d8bc45462602823ac73fcd955f69d337ff7bd345833c3107e08
0,pick_up_the_black_bowl_between_the_plate_and_the_ramekin_and_place_it_on_the_plate,35,1,68,7,10035,property_sampler_clear_v1,300a65fac3b13b0fa48b50a37d612e0098f6b196f143cbae9a9931c0e9b5ee42
0,pick_up_the_black_bowl_between_the_plate_and_the_ramekin_and_place_it_on_the_plate,36,1,78,8,10036,property_sampler_clear_v1,fcef53764a212fedf348f87dac93f343f200a39c1886026f7b5d7e06fb83e544
0,pick_up_the_black_bowl_between_the_plate_and_the_ramekin_and_place_it_on_the_plate,37,1,82,9,10037,property_sampler_clear_v1,feb996a32b04fc5e92bee46a4db549f1cbf84718927217854b651e9473d863c3
0,pick_up_the_black_bowl_between_the_plate_and_the_ramekin_and_place_it_on_the_plate,38,1,79,8,10038,property_sampler_clear_v1,48133b84ee1990e8da4e86b1b7abe9853a4598288d3360973e5278b219cc6485
0,pick_up_the_black_bowl_between_the_plate_and_the_ramekin_and_place_it_on_the_plate,39,1,77,8,10039,property_sampler_clear_v1,d06be87c55ba0024cd4e26be46f16665db23f143a4a00f4743c299a4299c8f27
0,pick_up_the_black_bowl_between_the_plate_and_the_ramekin_and_place_it_on_the_plate,40,1,75,8,10040,property_sampler_clear_v1,1ed86925c05899db091174c5d3162238e5f1038942aea1a7d79d009883ca5267
0,pick_up_the_black_bowl_between_the_plate_and_the_ramekin_and_place_it_on_the_plate,41,1,76,8,10041,property_sampler_clear_v1,630ff2db4926d4a8647ba8e9f194bbaa4cc4af34efbe4f129dcc4ad40a4c2620
0,pick_up_the_black_bowl_between_the_plate_and_the_ramekin_and_place_it_on_the_plate,42,1,79,8,10042,property_sampler_clear_v1,e355d9f04f8cb9dbf8c36f94a91c8498f3f786c95a57805c555a4177c9ed570b
0,pick_up_the_black_bowl_between_the_plate_and_the_ramekin_and_place_it_on_the_plate,43,1,73,8,10043,property_sampler_clear_v1,47ac6c535c30beb6ad623a64251ce3e99a9c0fc25238a0b7b6b7f62b95370ea6
0,pick_up_the_black_bowl_between_the_plate_and_the_ramekin_and_place_it_on_the_plate,44,1,70,7,10044,property_sampler_clear_v1,2ab8ee3d4e113ca22ae081c20b0a72d55f4afa730fa4e6e12712632c4892e199
0,pick_up_the_black_bowl_between_the_plate_and_the_ramekin_and_place_it_on_the_plate,45,1,76,8,10045,property_sampler_clear_v1,bad475787bea94cc96286593108df946ce09864b46ac645a0063207234af0dcf
0,pick_up_the_black_bowl_between_the_plate_and_the_ramekin_and_place_it_on_the_plate,46,1,74,8,10046,property_sampler_clear_v1,d16fb26206fdc34738df1c95b8dd8624f5d3aee12764f46926ba246f327d79e6
0,pick_up_the_black_bowl_between_the_plate_and_the_ramekin_and_place_it_on_the_plate,47,1,81,9,10047,property_sampler_clear_v1,285d677d5f3b29460a1a84a6d8cb6809fb14e0a1229fe1d6fa3b375d8c4b7816
0,pick_up_the_black_bowl_between_the_plate_and_the_ramekin_and_place_it_on_the_plate,48,1,73,8,10048,property_sampler_clear_v1,2736c84f6f1450fab59cc2b4091870d98500d5f89ac2885ebb50deeb8c5dbc08
0,pick_up_the_black_bowl_between_the_plate_and_the_ramekin_and_place_it_on_the_plate,49,1,76,8,10049,property_sampler_clear_v1,48edcfb78139fb32979f7ee63087006fabf94b2f7c2ad84df8b65715e1e72fe1
1,pick_up_the_black_bowl_next_to_the_ramekin_and_place_it_on_the_plate,0,1,103,11,11000,property_sampler_clear_v1,8dcea3f7610d62cbae1124c202b1740829c0e56dc50de4e91d4d617c47e82a29
1,pick_up_the_black_bowl_next_to_the_ramekin_and_place_it_on_the_plate,1,1,107,11,11001,property_sampler_clear_v1,5cb79aac141237a9faa64f8cc5a2097ad34ae844856c6528ac534fdca40636d7
1,pick_up_the_black_bowl_next_to_the_ramekin_and_place_it_on_the_plate,2,1,115,12,11002,property_sampler_clear_v1,56bfff70b68d23e88fbe43c0cb3def8c7a9158d9d575bda59f46e89eadc5f630
1,pick_up_the_black_bowl_next_to_the_ramekin_and_place_it_on_the_plate,3,1,108,11,11003,property_sampler_clear_v1,b7a6e6afde256ef505b6b220d549fb81ad7d00a19b1bba917dc6853adee868d0
1,pick_up_the_black_bowl_next_to_the_ramekin_and_place_it_on_the_plate,4,1,117,12,11004,property_sampler_clear_v1,6454a42f86555fa4927a2ba5be5ea5c8f42fc7235c6b18fb81c3911b1c0e0f53
1,pick_up_the_black_bowl_next_to_the_ramekin_and_place_it_on_the_plate,5,1,110,11,11005,property_sampler_clear_v1,b6c3f6fdbc7673e5bae8e7702815fcdbd48d8c2b9cfe4395af27590f72c8558f
1,pick_up_the_black_bowl_next_to_the_ramekin_and_place_it_on_the_plate,6,1,112,12,11006,property_sampler_clear_v1,a90e6fa379ee0ffb2c2f77cd420c7986990a14df0dd4286ab6e6e807554aaaa1
1,pick_up_the_black_bowl_next_to_the_ramekin_and_place_it_on_the_plate,7,1,110,11,11007,property_sampler_clear_v1,5344b0ca171e62e4f737ba9508bea01df4be828855ad9daf060879b527d7306f
1,pick_up_the_black_bowl_next_to_the_ramekin_and_place_it_on_the_plate,8,1,106,11,11008,property_sampler_clear_v1,1e73e7d35caa045af852fa0feb9b728ceab0642e43ebd6107b08002a661c7051
1,pick_up_the_black_bowl_next_to_the_ramekin_and_place_it_on_the_plate,9,1,109,11,11009,property_sampler_clear_v1,8d94561289154e3434d52a349a8498bb99b7dbc9c7b5e4b2fd24433fb29b45d4
1,pick_up_the_black_bowl_next_to_the_ramekin_and_place_it_on_the_plate,10,1,117,12,11010,property_sampler_clear_v1,f698c6352d4c5f307be40fd1ca86afacf89e9eb96d19cdebb2d6c65a8425ed54
1,pick_up_the_black_bowl_next_to_the_ramekin_and_place_it_on_the_plate,11,1,105,11,11011,property_sampler_clear_v1,e1b9518a6f394286ec0c0b3a2cb74a5932df344139bd58fcb6e9bfb79bda6e64
1,pick_up_the_black_bowl_next_to_the_ramekin_and_place_it_on_the_plate,12,1,113,12,11012,property_sampler_clear_v1,131a5784751e261c9e32c7a889370109641a8ac9624e45bb3d36063e9bdd3c57
1,pick_up_the_black_bowl_next_to_the_ramekin_and_place_it_on_the_plate,13,0,280,28,11013,property_sampler_clear_v1,ceb997e90d75d54553ce554fed34bf69eb569347f1dfe19d285524122dbf589c
1,pick_up_the_black_bowl_next_to_the_ramekin_and_place_it_on_the_plate,14,1,113,12,11014,property_sampler_clear_v1,5aa42f97f8f47d3944561658c50b14e3220fdaabee35c1dcca081bea2162a57c
1,pick_up_the_black_bowl_next_to_the_ramekin_and_place_it_on_the_plate,15,1,105,11,11015,property_sampler_clear_v1,18c40adf96b58be12e1c6a63f5155af74abf0edb0d8582190536d0f670a6427f
1,pick_up_the_black_bowl_next_to_the_ramekin_and_place_it_on_the_plate,16,1,115,12,11016,property_sampler_clear_v1,5f72366526865e84fb3cab116ca872d3fd8285a058ed824d68ad5b365539025e
1,pick_up_the_black_bowl_next_to_the_ramekin_and_place_it_on_the_plate,17,1,106,11,11017,property_sampler_clear_v1,8a36b206fc2dd0f390fa844f07192fe8084f5e54cc11e32fcd2e0ad62f36e85e
1,pick_up_the_black_bowl_next_to_the_ramekin_and_place_it_on_the_plate,18,1,119,12,11018,property_sampler_clear_v1,8f7d26e4940a135fb7cd7d3caec173ce16f3fb96fa6cc4581e26ad0c43de416e
1,pick_up_the_black_bowl_next_to_the_ramekin_and_place_it_on_the_plate,19,1,115,12,11019,property_sampler_clear_v1,48e2cfb85ee8a11a65a73709f88d55f3350b98b87e1bcf6edc4ad217f6333528
1,pick_up_the_black_bowl_next_to_the_ramekin_and_place_it_on_the_plate,20,0,280,28,11020,property_sampler_clear_v1,45ca8c21caddde58abcfe5d7a57bd1a785ba450a27346d3d77c5fb511a9258a3
1,pick_up_the_black_bowl_next_to_the_ramekin_and_place_it_on_the_plate,21,1,110,11,11021,property_sampler_clear_v1,7b67da11a051699d6af098c3b941a844c04a94ad3abb432deaf131ab67ef32b7
1,pick_up_the_black_bowl_next_to_the_ramekin_and_place_it_on_the_plate,22,1,117,12,11022,property_sampler_clear_v1,d0f1e11a70f21a13c1781b85bef958f74ec22cbe58a0c173f18cc9fb1a29b701
1,pick_up_the_black_bowl_next_to_the_ramekin_and_place_it_on_the_plate,23,1,117,12,11023,property_sampler_clear_v1,0915f2345099f40468c0ddea69a891a9a64c99e72635975b3a7d4e592922a837
1,pick_up_the_black_bowl_next_to_the_ramekin_and_place_it_on_the_plate,24,1,106,11,11024,property_sampler_clear_v1,f5ee3b2a6dc9c99fbfdedd2a2bc9eee95cfa3096342e1e6fd196bb0aaabb7b0e
1,pick_up_the_black_bowl_next_to_the_ramekin_and_place_it_on_the_plate,25,1,111,12,11025,property_sampler_clear_v1,de4adcb248695cdc36c35004205ca6872edf12b78f0aafc47dcf99534d237144
1,pick_up_the_black_bowl_next_to_the_ramekin_and_place_it_on_the_plate,26,1,116,12,11026,property_sampler_clear_v1,1c79cd313a46e6a8477a5e3d32a0453902d6fea74018b430f951339af9c0fda3
1,pick_up_the_black_bowl_next_to_the_ramekin_and_place_it_on_the_plate,27,1,117,12,11027,property_sampler_clear_v1,48775fb6dcf74d5c08d0c777279d593a5c117483a53862230b379f242e4ba68d
1,pick_up_the_black_bowl_next_to_the_ramekin_and_place_it_on_the_plate,28,1,116,12,11028,property_sampler_clear_v1,6c34c0c2f6f5270e7776f9d20b31c3f5a414b671403161bc66a14f21d66dfcb2
1,pick_up_the_black_bowl_next_to_the_ramekin_and_place_it_on_the_plate,29,1,114,12,11029,property_sampler_clear_v1,dc4944b69e24688247a3ff119990ea0b6ac5ea08533eeca1b0be6451ceed832c
1,pick_up_the_black_bowl_next_to_the_ramekin_and_place_it_on_the_plate,30,1,106,11,11030,property_sampler_clear_v1,0160856929f99abe2efe31f9ff68e823241b118cd3fa5219d73dddc14e8d338f
1,pick_up_the_black_bowl_next_to_the_ramekin_and_place_it_on_the_plate,31,1,105,11,11031,property_sampler_clear_v1,aa5ed8804481c72bcf4b2fc98c6ab315416bf111635719db0fcffc7248d1ef30
1,pick_up_the_black_bowl_next_to_the_ramekin_and_place_it_on_the_plate,32,1,114,12,11032,property_sampler_clear_v1,c79c1f07e76b9012be4836ec7265b22c4b0697919c36bc6b603332570f952900
1,pick_up_the_black_bowl_next_to_the_ramekin_and_place_it_on_the_plate,33,1,118,12,11033,property_sampler_clear_v1,2fba3e1ab8128aaa8e69459d64bf91517aede2e1d095f20e4daad7e8be5726cd
1,pick_up_the_black_bowl_next_to_the_ramekin_and_place_it_on_the_plate,34,1,107,11,11034,property_sampler_clear_v1,b38c55de77e58a1abffc3048522e5c0c4d3bbc3782d9a933e590b1454e06dcf1
1,pick_up_the_black_bowl_next_to_the_ramekin_and_place_it_on_the_plate,35,1,106,11,11035,property_sampler_clear_v1,f40c2c1c4926b0c0c104506bb07f69715f29b9d2b07d7d536d63e8c993f2d9e8
1,pick_up_the_black_bowl_next_to_the_ramekin_and_place_it_on_the_plate,36,1,117,12,11036,property_sampler_clear_v1,68e9b297876fd179009cdf4405de22027ccfe2c63a7303d281e1575cd4476ea8
1,pick_up_the_black_bowl_next_to_the_ramekin_and_place_it_on_the_plate,37,1,113,12,11037,property_sampler_clear_v1,89dc37e87279bd337b69e21bb7865cfafb5bbace592a56ba499de166dde6014a
1,pick_up_the_black_bowl_next_to_the_ramekin_and_place_it_on_the_plate,38,1,105,11,11038,property_sampler_clear_v1,b43dd2c17d23a5f2baa411cdff377279e11b3ed4e359931bc42257527e262f09
1,pick_up_the_black_bowl_next_to_the_ramekin_and_place_it_on_the_plate,39,1,97,10,11039,property_sampler_clear_v1,cac7fbb5715baec20866cf456cdffd2867dc1a93cfc126248ea86cef047b3cb4
1,pick_up_the_black_bowl_next_to_the_ramekin_and_place_it_on_the_plate,40,1,112,12,11040,property_sampler_clear_v1,63b414d6707ecf58cfd46beb12c111567a1302cc9beeafdc209b8d60baeff8e6
1,pick_up_the_black_bowl_next_to_the_ramekin_and_place_it_on_the_plate,41,1,104,11,11041,property_sampler_clear_v1,5337b7c861fa0eb41bb6e1193e77e5c4358a6d50d649b2c3b5e2c276429a17e5
1,pick_up_the_black_bowl_next_to_the_ramekin_and_place_it_on_the_plate,42,1,110,11,11042,property_sampler_clear_v1,5cc97146b48297bd6459a35794660415284958f579b35be3223e20355895ffe6
1,pick_up_the_black_bowl_next_to_the_ramekin_and_place_it_on_the_plate,43,0,280,28,11043,property_sampler_clear_v1,450b536e80ddc2bb1f430a063d874748ae18d64642a224421ecf2945c9ebc4d0
1,pick_up_the_black_bowl_next_to_the_ramekin_and_place_it_on_the_plate,44,1,104,11,11044,property_sampler_clear_v1,7b082023b33bba0ada39f68b417838d3fdfe8df2d428aa4f7dc9f841521429ef
1,pick_up_the_black_bowl_next_to_the_ramekin_and_place_it_on_the_plate,45,1,108,11,11045,property_sampler_clear_v1,e05e5eb3354185545328a251189c3c2fa0db88020ecbf5cc97d30abac64bc03e
1,pick_up_the_black_bowl_next_to_the_ramekin_and_place_it_on_the_plate,46,1,113,12,11046,property_sampler_clear_v1,fe4b9050450adb3a255ea41d82dadecad1172c5d3577f2f8530e76cb0bce9ed5
1,pick_up_the_black_bowl_next_to_the_ramekin_and_place_it_on_the_plate,47,1,110,11,11047,property_sampler_clear_v1,12983c51062ba76fc21d084136b4b3102d5f95748855e62e1d2bcd69f38f6073
1,pick_up_the_black_bowl_next_to_the_ramekin_and_place_it_on_the_plate,48,1,111,12,11048,property_sampler_clear_v1,1fd07424613c39bd718f20df3bfdb3ef82bb952f6003d7a0e01336a31063c45b
1,pick_up_the_black_bowl_next_to_the_ramekin_and_place_it_on_the_plate,49,1,107,11,11049,property_sampler_clear_v1,dbfaf0737e6dd3455a2fea915307be9f8883944f919bbd4df7e4e417a4621864
2,pick_up_the_black_bowl_from_table_center_and_place_it_on_the_plate,0,1,108,11,12000,property_sampler_clear_v1,0ec5638d5215df107b79ec1f5af764a272732866448c0f41cdd3951df7ae631a
2,pick_up_the_black_bowl_from_table_center_and_place_it_on_the_plate,1,1,100,10,12001,property_sampler_clear_v1,db3d9d1ea6f23a3ff232fcf35b97218206c3436da5deb539d1dbfaebd985b82b
2,pick_up_the_black_bowl_from_table_center_and_place_it_on_the_plate,2,1,96,10,12002,property_sampler_clear_v1,68c603391dc21dbf402ae46b9129d2dea849545bf746fbe6c0b32c6b1dbd7c45
2,pick_up_the_black_bowl_from_table_center_and_place_it_on_the_plate,3,1,97,10,12003,property_sampler_clear_v1,93162695e0a1f7fef0b7f8ef58d3b0c78f2d85d7d378806c00901188d6edf57d
2,pick_up_the_black_bowl_from_table_center_and_place_it_on_the_plate,4,1,99,10,12004,property_sampler_clear_v1,5e83cdeb5eac28a68355d7e4ccbdecbe5f46a2c669a806a4bd26a7d54bd34929
2,pick_up_the_black_bowl_from_table_center_and_place_it_on_the_plate,5,1,103,11,12005,property_sampler_clear_v1,406ea56c4886335e2b79965f2bcccff439e24c032eb166a3033af68012d855a2
2,pick_up_the_black_bowl_from_table_center_and_place_it_on_the_plate,6,1,102,11,12006,property_sampler_clear_v1,8d06100f3f8d3a7246e3dd8b0c1c2edc5439cf8029845e17e4e35767d8483a0f
2,pick_up_the_black_bowl_from_table_center_and_place_it_on_the_plate,7,1,102,11,12007,property_sampler_clear_v1,c72c7a8c6eacc937d427fccce435897204c2531d08f574d2ccfee09fc24010bb
2,pick_up_the_black_bowl_from_table_center_and_place_it_on_the_plate,8,1,102,11,12008,property_sampler_clear_v1,60457231f686e677103c4f48e63235edc35f0d427441a5372a897ba706ac85c4
2,pick_up_the_black_bowl_from_table_center_and_place_it_on_the_plate,9,1,97,10,12009,property_sampler_clear_v1,4ec88bfd522872f42250486bf750b68ea129fbd786959978017a8a3ae858453e
2,pick_up_the_black_bowl_from_table_center_and_place_it_on_the_plate,10,1,99,10,12010,property_sampler_clear_v1,7603456cfe667c34f06586d696945342c6f37915520ff48ae0c44afa032d9670
2,pick_up_the_black_bowl_from_table_center_and_place_it_on_the_plate,11,1,96,10,12011,property_sampler_clear_v1,49854c6d2605d17831ad68dc75bb11f74f656b1b2c35818466e6268b938b3717
2,pick_up_the_black_bowl_from_table_center_and_place_it_on_the_plate,12,1,95,10,12012,property_sampler_clear_v1,749614a54a5ec2589721757bc242eb9727f0b8e29344a73a5398878efc814f2e
2,pick_up_the_black_bowl_from_table_center_and_place_it_on_the_plate,13,1,97,10,12013,property_sampler_clear_v1,50af7b1f3f10c1292d98107791254efe656ff47904bed2f0c44d79ba594f7ae2
2,pick_up_the_black_bowl_from_table_center_and_place_it_on_the_plate,14,1,96,10,12014,property_sampler_clear_v1,5828284459c26e5de40959511403368cce325d77dedd50a1a363c8a1f63888d3
2,pick_up_the_black_bowl_from_table_center_and_place_it_on_the_plate,15,1,98,10,12015,property_sampler_clear_v1,a276450e61804afd104a109ec6f8835b7101870c3ace2ea5af7a1519a4b14060
2,pick_up_the_black_bowl_from_table_center_and_place_it_on_the_plate,16,1,99,10,12016,property_sampler_clear_v1,c0901a6f6fd2529fdd5c082fbdc84afe5216ea27a70568e7f3cd98db4fbe0a2d
2,pick_up_the_black_bowl_from_table_center_and_place_it_on_the_plate,17,1,110,11,12017,property_sampler_clear_v1,110ce807c984f277dd8cd38da447aea4cfc0d40b055ee98e9078726cd4acf589
2,pick_up_the_black_bowl_from_table_center_and_place_it_on_the_plate,18,1,99,10,12018,property_sampler_clear_v1,3e09cd9af6f2a9f128624da850eb9b85e4090e2a313eead1ca5e340f974e03e1
2,pick_up_the_black_bowl_from_table_center_and_place_it_on_the_plate,19,0,280,28,12019,property_sampler_clear_v1,f4e9fa81201f871c7760aca3d46cadb5f2fcdc2d0dab7aff1425a0fcf22fa557
2,pick_up_the_black_bowl_from_table_center_and_place_it_on_the_plate,20,1,113,12,12020,property_sampler_clear_v1,00091cc6fdad2ec9754c0b70d743bb9b2592ea7788eb7d4bf54277a18147ab40
2,pick_up_the_black_bowl_from_table_center_and_place_it_on_the_plate,21,1,101,11,12021,property_sampler_clear_v1,3c58b761f4d51a14ac50192f7767831633bbfc60078221dccad1f550c3c91d8b
2,pick_up_the_black_bowl_from_table_center_and_place_it_on_the_plate,22,1,103,11,12022,property_sampler_clear_v1,5079def1bf8829eba6547ae21b31a755f7e3a599603a2b98850176467375dbc9
2,pick_up_the_black_bowl_from_table_center_and_place_it_on_the_plate,23,1,105,11,12023,property_sampler_clear_v1,5bea910cbf0359fa6ff61b3b554858c974c30f855dc1c98a3ca3444c33ea14e8
2,pick_up_the_black_bowl_from_table_center_and_place_it_on_the_plate,24,1,94,10,12024,property_sampler_clear_v1,16e8a00ce96300644cf0b39749af40ae3ca87e9750cbc6ef13f852ea60fba39f
2,pick_up_the_black_bowl_from_table_center_and_place_it_on_the_plate,25,1,96,10,12025,property_sampler_clear_v1,8f52205c0bdb18c453789cbad24221c32e6b78d1d9cbef7037119b54a3c03531
2,pick_up_the_black_bowl_from_table_center_and_place_it_on_the_plate,26,1,101,11,12026,property_sampler_clear_v1,80b88b3404d02ea1db2ce7d6a7f92fe4a69db56ceaa018437b7c2aa0aef0bb6b
2,pick_up_the_black_bowl_from_table_center_and_place_it_on_the_plate,27,1,96,10,12027,property_sampler_clear_v1,69ee1ac27bec146385d94d7850c9007b6e5726cafd5ebfb717d7cd27df8866d1
2,pick_up_the_black_bowl_from_table_center_and_place_it_on_the_plate,28,1,101,11,12028,property_sampler_clear_v1,62e24020e9e246eb9d4c8f5d9849eac756145b94d8ac75a591e42bd8c577f2b2
2,pick_up_the_black_bowl_from_table_center_and_place_it_on_the_plate,29,1,99,10,12029,property_sampler_clear_v1,8b905b02e500f81ba3543d2419e354714f0c92feaa8fe55abfbbc62afa507981
2,pick_up_the_black_bowl_from_table_center_and_place_it_on_the_plate,30,1,95,10,12030,property_sampler_clear_v1,24a3e750f343d8435ba447b32e5111d621928eb53dc3f727b90d407bd27746b6
2,pick_up_the_black_bowl_from_table_center_and_place_it_on_the_plate,31,1,97,10,12031,property_sampler_clear_v1,3125f458d387e20fc45696192f3066d253075cfd69fc3ee08119b8bdd4ff29b0
2,pick_up_the_black_bowl_from_table_center_and_place_it_on_the_plate,32,1,94,10,12032,property_sampler_clear_v1,00670e1f70b4355f9f49fec2e36b1ff7c7fd2d5b499ca612a094da9b3c82a06c
2,pick_up_the_black_bowl_from_table_center_and_place_it_on_the_plate,33,1,100,10,12033,property_sampler_clear_v1,cc450333f52c80653c202aa8d0bae7799c09321929921174195f3119af01dac4
2,pick_up_the_black_bowl_from_table_center_and_place_it_on_the_plate,34,1,92,10,12034,property_sampler_clear_v1,bf5d5e2627adb2e532bd69e7e5addba66f65c511ea572a32859e3b1814245c10
2,pick_up_the_black_bowl_from_table_center_and_place_it_on_the_plate,35,1,95,10,12035,property_sampler_clear_v1,75146eb9d07fa1c0810e093339c72c5701ec1bd10dec3c1c7cfa39a696c8329e
2,pick_up_the_black_bowl_from_table_center_and_place_it_on_the_plate,36,1,93,10,12036,property_sampler_clear_v1,d4ec0ce2cda3a431ad8fe5ec515f7fd9ea6a6036c8e2d7307509be0494c14781
2,pick_up_the_black_bowl_from_table_center_and_place_it_on_the_plate,37,1,99,10,12037,property_sampler_clear_v1,faea34b7be0e8813a644cf7e961a0800185e7244a8b240942cff33d74d8e9d36
2,pick_up_the_black_bowl_from_table_center_and_place_it_on_the_plate,38,1,97,10,12038,property_sampler_clear_v1,27dd1a2c0d085aa47598224fddd48da2ff78b74dba8e2f033ba8bdead4a5b2b9
2,pick_up_the_black_bowl_from_table_center_and_place_it_on_the_plate,39,1,92,10,12039,property_sampler_clear_v1,32ccf11a5f953816c94bf9c81e581f0804493a258bb1886f9a3ebc5fdfd93e52
2,pick_up_the_black_bowl_from_table_center_and_place_it_on_the_plate,40,1,105,11,12040,property_sampler_clear_v1,592d2f61e6aee27b2061a154c5cec6350582c757b9b10f55839859bac059c0d4
2,pick_up_the_black_bowl_from_table_center_and_place_it_on_the_plate,41,1,95,10,12041,property_sampler_clear_v1,1c97ca1ab06cc2c5c324b220ddcc1b18f6dc4d0e00a59540c895422adf335a5b
2,pick_up_the_black_bowl_from_table_center_and_place_it_on_the_plate,42,1,99,10,12042,property_sampler_clear_v1,7a75a86a6ccc38f000553d9e48f2a2f1e54d31ba0fc4300efffd1be16bbb59b9
2,pick_up_the_black_bowl_from_table_center_and_place_it_on_the_plate,43,1,97,10,12043,property_sampler_clear_v1,b0f30bb36b4f73011f040e04063c2f08400124933fbafa0fd6b2348cc20c32e7
2,pick_up_the_black_bowl_from_table_center_and_place_it_on_the_plate,44,1,102,11,12044,property_sampler_clear_v1,4c0c70ba52c1d9ac7780da9c554b2c5d72cb4667f7d3b972c6f8a92db49ad3b2
2,pick_up_the_black_bowl_from_table_center_and_place_it_on_the_plate,45,1,99,10,12045,property_sampler_clear_v1,9170335a354b7fcc33ec8ae24e8ed5b4f6fa760edd9473dc31fb48418f2a5a24
2,pick_up_the_black_bowl_from_table_center_and_place_it_on_the_plate,46,1,109,11,12046,property_sampler_clear_v1,7cddf93cf3047b09b5f4f6a7c8a34caf2e790147edf5e23575cc9b14d7b1a789
2,pick_up_the_black_bowl_from_table_center_and_place_it_on_the_plate,47,1,106,11,12047,property_sampler_clear_v1,aaff6a26b99dc4498dbcd977126bfed6a57f111c6890ab66e9300b86857a441e
2,pick_up_the_black_bowl_from_table_center_and_place_it_on_the_plate,48,1,97,10,12048,property_sampler_clear_v1,4a2eb8f3aca6466f19cc8734211dd194c5a7bc1c8043dfa959ff777cca2e22c0
2,pick_up_the_black_bowl_from_table_center_and_place_it_on_the_plate,49,1,96,10,12049,property_sampler_clear_v1,23de11eb1332abad31687ac3d84a5bce94b7edd68772a0b19d1797663a995737
3,pick_up_the_black_bowl_on_the_cookie_box_and_place_it_on_the_plate,0,1,87,9,13000,property_sampler_clear_v1,5c2e22362d21904caa0026c93cf1f65347e7f5c8ccfc49ebca137716ce41a547
3,pick_up_the_black_bowl_on_the_cookie_box_and_place_it_on_the_plate,1,0,280,28,13001,property_sampler_clear_v1,b61316b28b307f9e0cda301f77b1fb8d650b6b9eda56cfe46457324cfb547215
3,pick_up_the_black_bowl_on_the_cookie_box_and_place_it_on_the_plate,2,0,280,28,13002,property_sampler_clear_v1,f3140911aa6dd3ef6230f87351d26cef7349c5ab8c4c5964dce6f3074fe8e8d5
3,pick_up_the_black_bowl_on_the_cookie_box_and_place_it_on_the_plate,3,1,86,9,13003,property_sampler_clear_v1,e08af1e86352162ad24e1428d507cca550ecd36263c8283d1b5c4ded34f2c08a
3,pick_up_the_black_bowl_on_the_cookie_box_and_place_it_on_the_plate,4,1,84,9,13004,property_sampler_clear_v1,2a40b9c717016716f2ad4651dd0b74b06b76ed3eee5db583f14a8f86bc7a83ec
3,pick_up_the_black_bowl_on_the_cookie_box_and_place_it_on_the_plate,5,1,90,9,13005,property_sampler_clear_v1,348fad4b18a65ed348cf7ec4276ff74104b3589f1ab45a6de8bfb443a80779f5
3,pick_up_the_black_bowl_on_the_cookie_box_and_place_it_on_the_plate,6,0,280,28,13006,property_sampler_clear_v1,7cd55360792596b85bae5862d16955908b11324cd98f47e3a74c616c3290c054
3,pick_up_the_black_bowl_on_the_cookie_box_and_place_it_on_the_plate,7,1,83,9,13007,property_sampler_clear_v1,4007aede6e99a6a047276bf7a8516deedcdc531d498e58fc85f4bde28bc59d15
3,pick_up_the_black_bowl_on_the_cookie_box_and_place_it_on_the_plate,8,1,92,10,13008,property_sampler_clear_v1,25d681f6ba2c43a1ea3ffb3f13739c75094f531449d0cce12bb838aef5ea08b9
3,pick_up_the_black_bowl_on_the_cookie_box_and_place_it_on_the_plate,9,1,83,9,13009,property_sampler_clear_v1,173625bc9c90370bc4e3e216248bbe6011b21a64f5e153a8a0a6a90ab5cd4247
3,pick_up_the_black_bowl_on_the_cookie_box_and_place_it_on_the_plate,10,1,82,9,13010,property_sampler_clear_v1,1ebc75561da7e56b7ade24f06f6c0ecb4685bd69ca3d325ffa7a08b184e53126
3,pick_up_the_black_bowl_on_the_cookie_box_and_place_it_on_the_plate,11,1,83,9,13011,property_sampler_clear_v1,3a366a543c0830c63c36ceb96963f63ae2ef2bb3df8f9331068f221f1746a092
3,pick_up_the_black_bowl_on_the_cookie_box_and_place_it_on_the_plate,12,1,86,9,13012,property_sampler_clear_v1,b74ca883ba82f731bb0122b6dba60d9903d6ad1f742239d27dc4f6ce1fe439bc
3,pick_up_the_black_bowl_on_the_cookie_box_and_place_it_on_the_plate,13,1,83,9,13013,property_sampler_clear_v1,87dd4cc14bef97ee2c092faac4fb556122bc5419e462ebeeb2445e7d1eb42ba4
3,pick_up_the_black_bowl_on_the_cookie_box_and_place_it_on_the_plate,14,1,88,9,13014,property_sampler_clear_v1,2a1679821826affb8919cc6868b0b7c88bd2bfda3adb5f2b778758bf51b0cd8a
3,pick_up_the_black_bowl_on_the_cookie_box_and_place_it_on_the_plate,15,1,82,9,13015,property_sampler_clear_v1,4681932120dcd4400c6a3b496f5981416cff2fdd8a9c03caa85bed8b1448e7cd
3,pick_up_the_black_bowl_on_the_cookie_box_and_place_it_on_the_plate,16,1,82,9,13016,property_sampler_clear_v1,e23b27e44a0254397082b32a292ead909ade10b0ee1c8a97f52985f0e404ce37
3,pick_up_the_black_bowl_on_the_cookie_box_and_place_it_on_the_plate,17,1,86,9,13017,property_sampler_clear_v1,88ea0a7113358dd3bdbaf645bc494e36fe2055572f56aed219f5de4ec8ecee36
3,pick_up_the_black_bowl_on_the_cookie_box_and_place_it_on_the_plate,18,1,88,9,13018,property_sampler_clear_v1,07992b1e0d78f03694fb97a14f14106894aa3a466422c294546db153e144905e
3,pick_up_the_black_bowl_on_the_cookie_box_and_place_it_on_the_plate,19,0,280,28,13019,property_sampler_clear_v1,2cbc8b88ac8bd2ac0514f4913f7b4d3ddb3ef7000972db41e150db6ec3d3956c
3,pick_up_the_black_bowl_on_the_cookie_box_and_place_it_on_the_plate,20,1,87,9,13020,property_sampler_clear_v1,397094581df768d28191a501137469b5f0c3b8b2c588f7f31d67eaaad306c088
3,pick_up_the_black_bowl_on_the_cookie_box_and_place_it_on_the_plate,21,1,79,8,13021,property_sampler_clear_v1,1bc5598714c7cbe58afec217a1418faacc618eede436918becb16e22800e8bf6
3,pick_up_the_black_bowl_on_the_cookie_box_and_place_it_on_the_plate,22,1,82,9,13022,property_sampler_clear_v1,6691cf875d5c012bb221901bb760461f87fc8988deebe76a8ade5908c672d5c3
3,pick_up_the_black_bowl_on_the_cookie_box_and_place_it_on_the_plate,23,1,90,9,13023,property_sampler_clear_v1,9afb1164fc0e68c5f5f3ea5415b487ad9f72ad8409ac9b89d5ae1339ac04d271
3,pick_up_the_black_bowl_on_the_cookie_box_and_place_it_on_the_plate,24,1,85,9,13024,property_sampler_clear_v1,7b8ae597bc43be8844a05b01d52d0a0c607b9e47662354d1334fa7333ee246db
3,pick_up_the_black_bowl_on_the_cookie_box_and_place_it_on_the_plate,25,1,78,8,13025,property_sampler_clear_v1,e90d6de6b8b6ec6360e5917f605c591cd7df032237ad9ef7afe1a3f13396bf30
3,pick_up_the_black_bowl_on_the_cookie_box_and_place_it_on_the_plate,26,1,80,8,13026,property_sampler_clear_v1,1687d4b31485ec543d234068af2a32af40312c93cc6e6d8bdb55935eebc94e03
3,pick_up_the_black_bowl_on_the_cookie_box_and_place_it_on_the_plate,27,1,82,9,13027,property_sampler_clear_v1,825828957eb089d724fcca42e19b872464e73b302cd42a9193fa4902e7387845
3,pick_up_the_black_bowl_on_the_cookie_box_and_place_it_on_the_plate,28,1,96,10,13028,property_sampler_clear_v1,cf43a7adc55eb153a5d3a4ef374ddbf55fa5df0f7c92971f8f9da264be58e7d1
3,pick_up_the_black_bowl_on_the_cookie_box_and_place_it_on_the_plate,29,1,83,9,13029,property_sampler_clear_v1,3742e7b06287cc5848e88d25e9625c3540cecec5f1863b95f6aa27f2bf07aa99
3,pick_up_the_black_bowl_on_the_cookie_box_and_place_it_on_the_plate,30,1,91,10,13030,property_sampler_clear_v1,d3d23dd43e17d0f5881bb4636ac7c7cedf9c355bb233aabec8e6840bda7dc1dd
3,pick_up_the_black_bowl_on_the_cookie_box_and_place_it_on_the_plate,31,1,80,8,13031,property_sampler_clear_v1,3d0ce4fd2744a8edf57164618372a4ab927728ae6b174c23da1704ffba006401
3,pick_up_the_black_bowl_on_the_cookie_box_and_place_it_on_the_plate,32,1,82,9,13032,property_sampler_clear_v1,63509c3715fe24645e9a445e72b27585b708ad94b06e54a3147e09d6b48184d7
3,pick_up_the_black_bowl_on_the_cookie_box_and_place_it_on_the_plate,33,1,82,9,13033,property_sampler_clear_v1,ba567e4ee64663cf800745b89e2d3607192820487f26fc8e37d7c5ad513aa556
3,pick_up_the_black_bowl_on_the_cookie_box_and_place_it_on_the_plate,34,1,80,8,13034,property_sampler_clear_v1,4540aca1bcca77fa67432f1e9e23cad075584f8c16176a486b3bbe19f4c62db0
3,pick_up_the_black_bowl_on_the_cookie_box_and_place_it_on_the_plate,35,1,83,9,13035,property_sampler_clear_v1,4151caa76fef43ee6d772fbab9cf5d721a621974c928ff7e5796f44e000abf2e
3,pick_up_the_black_bowl_on_the_cookie_box_and_place_it_on_the_plate,36,1,93,10,13036,property_sampler_clear_v1,5ff835910a335d79a3322ea2f2ed17deb2c29426294ca624cca84c6afe12ad30
3,pick_up_the_black_bowl_on_the_cookie_box_and_place_it_on_the_plate,37,0,280,28,13037,property_sampler_clear_v1,3951a7e0c5c4559bf1dbe5bab79c52e8f92de1b713d9792843cc650309040a0e
3,pick_up_the_black_bowl_on_the_cookie_box_and_place_it_on_the_plate,38,0,280,28,13038,property_sampler_clear_v1,5056a67fc31ff7a9cd2755dadb502d1596257fe8160657703c7014d159689894
3,pick_up_the_black_bowl_on_the_cookie_box_and_place_it_on_the_plate,39,1,84,9,13039,property_sampler_clear_v1,bf796ce08c251fa27da7927aeca1721fe77df26ec04174d007829918940602dd
3,pick_up_the_black_bowl_on_the_cookie_box_and_place_it_on_the_plate,40,1,84,9,13040,property_sampler_clear_v1,08bf5df23408af82511ab0120333e385a87b321cfbb67a2b8af0b31f75277fa0
3,pick_up_the_black_bowl_on_the_cookie_box_and_place_it_on_the_plate,41,1,76,8,13041,property_sampler_clear_v1,fba671d254f6402b09757ae7b9fe6466de6b5a4de658a8bc527561ac3994605a
3,pick_up_the_black_bowl_on_the_cookie_box_and_place_it_on_the_plate,42,1,84,9,13042,property_sampler_clear_v1,a2ac4b7d8f2e63c3ff586423685892ab2ad32b104fbe7e078853d1893a7861f0
3,pick_up_the_black_bowl_on_the_cookie_box_and_place_it_on_the_plate,43,1,89,9,13043,property_sampler_clear_v1,0bfba080cf62cfbb987090b070ef5e7ef66e2a534d3d38c31a625683314451ee
3,pick_up_the_black_bowl_on_the_cookie_box_and_place_it_on_the_plate,44,0,280,28,13044,property_sampler_clear_v1,7920168c98035408edb4084e9016423cbf230b030a3ca91c954f6706ededbe16
3,pick_up_the_black_bowl_on_the_cookie_box_and_place_it_on_the_plate,45,1,84,9,13045,property_sampler_clear_v1,06b574a52e7c1a17d17812a8faeb9222570723a7c265919802cbdd8972d5fb4f
3,pick_up_the_black_bowl_on_the_cookie_box_and_place_it_on_the_plate,46,1,87,9,13046,property_sampler_clear_v1,cbca6f23631d290b37008904bf78e7b8e9cd5a4a01e21ce6cdeacfa920d20a5e
3,pick_up_the_black_bowl_on_the_cookie_box_and_place_it_on_the_plate,47,0,280,28,13047,property_sampler_clear_v1,ef3fbe35a6c62a76fec97b931899e3e34199168242beb41ef273da11ac18646f
3,pick_up_the_black_bowl_on_the_cookie_box_and_place_it_on_the_plate,48,1,81,9,13048,property_sampler_clear_v1,25903284539a588b455b32af527c1fac8e12c6f322dcc5e27d46503b9891edca
3,pick_up_the_black_bowl_on_the_cookie_box_and_place_it_on_the_plate,49,1,83,9,13049,property_sampler_clear_v1,ae222162d27a3d44d5fa105efd081e3e61ffcb014c6d7050cfb7e30a28752e9d
4,pick_up_the_black_bowl_in_the_top_drawer_of_the_wooden_cabinet_and_place_it_on_the_plate,0,1,129,13,14000,property_sampler_clear_v1,a49dd49dd7ceeb7edf2eac362ae4fc055c7ccf9b20c3b5f151834a6ba077d70a
4,pick_up_the_black_bowl_in_the_top_drawer_of_the_wooden_cabinet_and_place_it_on_the_plate,1,1,127,13,14001,property_sampler_clear_v1,56e0967813d4d87b0be91a08c34edaa48b8b0de744a022bd8296e7c3f384ea2d
4,pick_up_the_black_bowl_in_the_top_drawer_of_the_wooden_cabinet_and_place_it_on_the_plate,2,1,135,14,14002,property_sampler_clear_v1,8c4ba60b5f553555a9de7a37447985a066da5c45d831a020d52c9c1fd9ede8ae
4,pick_up_the_black_bowl_in_the_top_drawer_of_the_wooden_cabinet_and_place_it_on_the_plate,3,1,142,15,14003,property_sampler_clear_v1,40d9afe7ac9ecc1788f0492556caaa5204dee9449d4cca4c03acdee5f1e1dfda
4,pick_up_the_black_bowl_in_the_top_drawer_of_the_wooden_cabinet_and_place_it_on_the_plate,4,1,133,14,14004,property_sampler_clear_v1,253811b587bbeba3fc79b717a0e7b4c612633438adb783b541e939233f4122af
4,pick_up_the_black_bowl_in_the_top_drawer_of_the_wooden_cabinet_and_place_it_on_the_plate,5,1,135,14,14005,property_sampler_clear_v1,bcfab67fe42bd769d849e7a15f06547b9ce1172419c7f73afbcad99e400d1127
4,pick_up_the_black_bowl_in_the_top_drawer_of_the_wooden_cabinet_and_place_it_on_the_plate,6,1,135,14,14006,property_sampler_clear_v1,ffa114067636426373f73eefb4513edfafc250f20b4a3f34c26f89a79eb5bfde
4,pick_up_the_black_bowl_in_the_top_drawer_of_the_wooden_cabinet_and_place_it_on_the_plate,7,1,130,13,14007,property_sampler_clear_v1,b7d929b3d30dcd082fd84936bf307e004fdcde3505973703b6f06a2d1e54ad02
4,pick_up_the_black_bowl_in_the_top_drawer_of_the_wooden_cabinet_and_place_it_on_the_plate,8,1,125,13,14008,property_sampler_clear_v1,c436e0fdd4416452a596e84cb14d31329dab465eec77892b5b95d9bb25ca1970
4,pick_up_the_black_bowl_in_the_top_drawer_of_the_wooden_cabinet_and_place_it_on_the_plate,9,1,123,13,14009,property_sampler_clear_v1,ecbcde0f9341f51da6940447f471b8f1f7b715b648538a077393857425547cbf
4,pick_up_the_black_bowl_in_the_top_drawer_of_the_wooden_cabinet_and_place_it_on_the_plate,10,1,140,14,14010,property_sampler_clear_v1,21bdf05dc2780c5d0ca75a0819b4b1534cdf3d3af2aaf4206514fb67357ed58d
4,pick_up_the_black_bowl_in_the_top_drawer_of_the_wooden_cabinet_and_place_it_on_the_plate,11,1,139,14,14011,property_sampler_clear_v1,3f709f5487a2c57c948b6f675b26b0b7f44982767d80bb4b428a8e18acabd1e7
4,pick_up_the_black_bowl_in_the_top_drawer_of_the_wooden_cabinet_and_place_it_on_the_plate,12,1,135,14,14012,property_sampler_clear_v1,264a6a3b503bf722d95b64eb5961b830bf7d0ab25854c54c8f277d96e4be0b0c
4,pick_up_the_black_bowl_in_the_top_drawer_of_the_wooden_cabinet_and_place_it_on_the_plate,13,1,133,14,14013,property_sampler_clear_v1,81db79fe8e395dba105caba8e35a7d92eab0646a20d780557d7513bf47eeeead
4,pick_up_the_black_bowl_in_the_top_drawer_of_the_wooden_cabinet_and_place_it_on_the_plate,14,0,280,28,14014,property_sampler_clear_v1,e8121a4e8fe3f2e0559ba08ec5de3078cdcd47ac689512d19bf39899fc5ab5be
4,pick_up_the_black_bowl_in_the_top_drawer_of_the_wooden_cabinet_and_place_it_on_the_plate,15,1,131,14,14015,property_sampler_clear_v1,5f3b151579ff5d678a14e4b8baaced70383befe6c54f142c6f197b4733fb7bac
4,pick_up_the_black_bowl_in_the_top_drawer_of_the_wooden_cabinet_and_place_it_on_the_plate,16,1,132,14,14016,property_sampler_clear_v1,de1dcf2222597bc794a50ebd066c2682a839d25f110f1279a0aa795ba7142929
4,pick_up_the_black_bowl_in_the_top_drawer_of_the_wooden_cabinet_and_place_it_on_the_plate,17,0,280,28,14017,property_sampler_clear_v1,31d814d86cac74457d4f824a1fa18ae9979c0889a90f167d5d62c73bd7123256
4,pick_up_the_black_bowl_in_the_top_drawer_of_the_wooden_cabinet_and_place_it_on_the_plate,18,1,125,13,14018,property_sampler_clear_v1,f777d5748b54638e75715d2d2093b032b7fef42afe50e7522d33f1b42b7ccb9c
4,pick_up_the_black_bowl_in_the_top_drawer_of_the_wooden_cabinet_and_place_it_on_the_plate,19,1,132,14,14019,property_sampler_clear_v1,0b1f5d93d6f8dde51f529ed5422ba0795a6cd896d2691bcf30c29ac453cbcec5
4,pick_up_the_black_bowl_in_the_top_drawer_of_the_wooden_cabinet_and_place_it_on_the_plate,20,1,130,13,14020,property_sampler_clear_v1,13ba1ae2be58fc401dba71c42963cc55e1eb7965089aac90bb8c00fe02f0e1ba
4,pick_up_the_black_bowl_in_the_top_drawer_of_the_wooden_cabinet_and_place_it_on_the_plate,21,1,127,13,14021,property_sampler_clear_v1,ed0c8a1b082833e3623de030332f96c8f04c71f25b95be770649ac42d2edb9be
4,pick_up_the_black_bowl_in_the_top_drawer_of_the_wooden_cabinet_and_place_it_on_the_plate,22,1,125,13,14022,property_sampler_clear_v1,6976935b8afbc0590ef9d73b960ac1476978e5421a51de40c6a76aef29daeca8
4,pick_up_the_black_bowl_in_the_top_drawer_of_the_wooden_cabinet_and_place_it_on_the_plate,23,0,280,28,14023,property_sampler_clear_v1,186a926e0af910dac65628eeffcc2adcf65c48ae49b204020b4cedf30b5508da
4,pick_up_the_black_bowl_in_the_top_drawer_of_the_wooden_cabinet_and_place_it_on_the_plate,24,1,122,13,14024,property_sampler_clear_v1,34086fee8f4e8cee13ff630009bf9331bac561cb5bd24968351862125fb01caa
4,pick_up_the_black_bowl_in_the_top_drawer_of_the_wooden_cabinet_and_place_it_on_the_plate,25,1,126,13,14025,property_sampler_clear_v1,b78889a96615e0b96d19afc6fdaf408a8cf6101a27d20244b60f1ac25f5fd1cc
4,pick_up_the_black_bowl_in_the_top_drawer_of_the_wooden_cabinet_and_place_it_on_the_plate,26,1,127,13,14026,property_sampler_clear_v1,89f33469da88e87b795068642a62f8fec13dfb903321e7dc00f4044040e0a4c1
4,pick_up_the_black_bowl_in_the_top_drawer_of_the_wooden_cabinet_and_place_it_on_the_plate,27,0,280,28,14027,property_sampler_clear_v1,c2e6d75caddb53450c39cbc98274d8462ac80735f302e733c51b281d6b109b45
4,pick_up_the_black_bowl_in_the_top_drawer_of_the_wooden_cabinet_and_place_it_on_the_plate,28,1,131,14,14028,property_sampler_clear_v1,46d6fbb95658c1aec8933a347d316e0077e57a23325ce2f5b02f58c9df151cda
4,pick_up_the_black_bowl_in_the_top_drawer_of_the_wooden_cabinet_and_place_it_on_the_plate,29,0,280,28,14029,property_sampler_clear_v1,24cda886dde6479db0b1bf4ba9d88a397364932964bdd27c23fd0c69c12181e6
4,pick_up_the_black_bowl_in_the_top_drawer_of_the_wooden_cabinet_and_place_it_on_the_plate,30,1,131,14,14030,property_sampler_clear_v1,e4848d7bda9d633814d020fe9d238e5d2b6947b6e6d08893fbcdf05f2d21b052
4,pick_up_the_black_bowl_in_the_top_drawer_of_the_wooden_cabinet_and_place_it_on_the_plate,31,1,126,13,14031,property_sampler_clear_v1,d90053a6640a3d46a8ba1670ebd59591d0c0e758f5437cde01922f40cf80254b
4,pick_up_the_black_bowl_in_the_top_drawer_of_the_wooden_cabinet_and_place_it_on_the_plate,32,1,132,14,14032,property_sampler_clear_v1,c0020774c2088a0cd7b63b5942d308d93575d158998c09a754609e200e5fc70c
4,pick_up_the_black_bowl_in_the_top_drawer_of_the_wooden_cabinet_and_place_it_on_the_plate,33,1,127,13,14033,property_sampler_clear_v1,c5e2684fa3c40dd57f3ab031b003b1720e3eda758d3a67c7da64a1d2ce07c03a
4,pick_up_the_black_bowl_in_the_top_drawer_of_the_wooden_cabinet_and_place_it_on_the_plate,34,1,131,14,14034,property_sampler_clear_v1,65f9e9623a757155710130c05429083aa5be30f1e1501cde46f1fb5ef5771bff
4,pick_up_the_black_bowl_in_the_top_drawer_of_the_wooden_cabinet_and_place_it_on_the_plate,35,1,136,14,14035,property_sampler_clear_v1,3b19e29f0c6ca5c3eab76b3974cd0de31d07758aa31e69b15a874f49c9f2fa5a
4,pick_up_the_black_bowl_in_the_top_drawer_of_the_wooden_cabinet_and_place_it_on_the_plate,36,1,125,13,14036,property_sampler_clear_v1,d10b5d9dd6f85adffac41636823c17feb341f63650e48e900938fb21aaee12bd
4,pick_up_the_black_bowl_in_the_top_drawer_of_the_wooden_cabinet_and_place_it_on_the_plate,37,1,127,13,14037,property_sampler_clear_v1,0e97f2fc6e85996be54d52c583e7fbb3269ab98b00ccb1ab3f7f2f280d928c42
4,pick_up_the_black_bowl_in_the_top_drawer_of_the_wooden_cabinet_and_place_it_on_the_plate,38,1,135,14,14038,property_sampler_clear_v1,c7d385ffb588b894621395d0f8da4c4aa8762143714deb1180c9a41ce167b1b5
4,pick_up_the_black_bowl_in_the_top_drawer_of_the_wooden_cabinet_and_place_it_on_the_plate,39,1,131,14,14039,property_sampler_clear_v1,897a3ce09a5b8a4841a30491d1088f6b5b3e33b2d97a19fc89a1dfd59446aa4e
4,pick_up_the_black_bowl_in_the_top_drawer_of_the_wooden_cabinet_and_place_it_on_the_plate,40,1,122,13,14040,property_sampler_clear_v1,27815a843a78d3718002cf1a7c3e33f6a5c359d38d0891c3f0cb75b607b2d1e4
4,pick_up_the_black_bowl_in_the_top_drawer_of_the_wooden_cabinet_and_place_it_on_the_plate,41,1,129,13,14041,property_sampler_clear_v1,be793ff4c9030310114d6d5454a110ed0e89fb57d80aa673aff888683266b795
4,pick_up_the_black_bowl_in_the_top_drawer_of_the_wooden_cabinet_and_place_it_on_the_plate,42,0,280,28,14042,property_sampler_clear_v1,df76d5cece5407d1d1eb07fadb2a77e1266ceb0af2aa7889d59c789075099f35
4,pick_up_the_black_bowl_in_the_top_drawer_of_the_wooden_cabinet_and_place_it_on_the_plate,43,1,119,12,14043,property_sampler_clear_v1,90e7a2b1abd915e56ea9c29076d7127137975ed61356ccc4a6d39cb4ac614478
4,pick_up_the_black_bowl_in_the_top_drawer_of_the_wooden_cabinet_and_place_it_on_the_plate,44,1,128,13,14044,property_sampler_clear_v1,7f09f1f435d7b8fdffa52c70c93c31e19db83bd153998d934b169939bc796d05
4,pick_up_the_black_bowl_in_the_top_drawer_of_the_wooden_cabinet_and_place_it_on_the_plate,45,1,126,13,14045,property_sampler_clear_v1,4f7b958b27ae9439b8a3b62c0776b3df803521720a6120dc16874483752c557f
4,pick_up_the_black_bowl_in_the_top_drawer_of_the_wooden_cabinet_and_place_it_on_the_plate,46,1,116,12,14046,property_sampler_clear_v1,1bd7de72ce47840a8c922094c32937f296bb620fd6d4a3610e0ae3d61f914f8c
4,pick_up_the_black_bowl_in_the_top_drawer_of_the_wooden_cabinet_and_place_it_on_the_plate,47,0,280,28,14047,property_sampler_clear_v1,147d6b0b117d5b52fe7ec9ac9a911afb6356ac51ea66bb06947fc9a70dea3f36
4,pick_up_the_black_bowl_in_the_top_drawer_of_the_wooden_cabinet_and_place_it_on_the_plate,48,1,120,12,14048,property_sampler_clear_v1,ddcf39121b5e88fee52a73410aacd34f25dc4fab9b31cdf28e9716da4c1417b3
4,pick_up_the_black_bowl_in_the_top_drawer_of_the_wooden_cabinet_and_place_it_on_the_plate,49,1,125,13,14049,property_sampler_clear_v1,383a3cb9262097e93af8326a24d4832e6b4d3317e2c074b16b25972a34ef6603
5,pick_up_the_black_bowl_on_the_ramekin_and_place_it_on_the_plate,0,1,96,10,15000,property_sampler_clear_v1,07bf3df68bec51fe65abbcffbc8264749c471c1e07f772719a31fd55a5255147
5,pick_up_the_black_bowl_on_the_ramekin_and_place_it_on_the_plate,1,1,100,10,15001,property_sampler_clear_v1,859ee59bfcd51900a5c88af8d8e0b81e136e7581a6043ed3b2fd213bc8c8c33e
5,pick_up_the_black_bowl_on_the_ramekin_and_place_it_on_the_plate,2,1,92,10,15002,property_sampler_clear_v1,4c28abea755a2391039bd50ce276af29264282b18be0e6dd4078168aabd336f4
5,pick_up_the_black_bowl_on_the_ramekin_and_place_it_on_the_plate,3,1,94,10,15003,property_sampler_clear_v1,57b4e22128f4ee558d7b5b1d1fd4a61fdd15e6ee36c3f5f518c5943c345ff1d8
5,pick_up_the_black_bowl_on_the_ramekin_and_place_it_on_the_plate,4,1,92,10,15004,property_sampler_clear_v1,d161b8aa54a6d85a7a5b5b453916dc3c6ff645afcd8ba9f385b5a472284c71ad
5,pick_up_the_black_bowl_on_the_ramekin_and_place_it_on_the_plate,5,1,90,9,15005,property_sampler_clear_v1,07f7b6631484aaa12e83e1de3267c7d85b34e11b2a661efc85df572a509b56a2
5,pick_up_the_black_bowl_on_the_ramekin_and_place_it_on_the_plate,6,1,98,10,15006,property_sampler_clear_v1,5d69db36cfffdcbc284a95a654f0fe10eebfda2df2f1c7219dfc3c5bad127149
5,pick_up_the_black_bowl_on_the_ramekin_and_place_it_on_the_plate,7,1,93,10,15007,property_sampler_clear_v1,6525283b872e7d3e5a890da069a70f63955efea50c6c082496655656c5547b5e
5,pick_up_the_black_bowl_on_the_ramekin_and_place_it_on_the_plate,8,1,101,11,15008,property_sampler_clear_v1,423b7f61723143c74a97f85c8ac34b59839379eccbfb90c2d06376e31050c1b7
5,pick_up_the_black_bowl_on_the_ramekin_and_place_it_on_the_plate,9,1,93,10,15009,property_sampler_clear_v1,f57d5d4c8369407f24956dc0c22ae269cebddccdc39d1e12b8544da17aa0a1bd
5,pick_up_the_black_bowl_on_the_ramekin_and_place_it_on_the_plate,10,1,135,14,15010,property_sampler_clear_v1,888b86819e81791d840f3e30f396e5ed6647cc1dc1adc35e7f427e298c144a91
5,pick_up_the_black_bowl_on_the_ramekin_and_place_it_on_the_plate,11,1,83,9,15011,property_sampler_clear_v1,5b29528078a7d3c8f4cb38ecc8803715719babcb481548699ae319913ffe1f99
5,pick_up_the_black_bowl_on_the_ramekin_and_place_it_on_the_plate,12,1,95,10,15012,property_sampler_clear_v1,fea01ccad462ccf2328605381cbbea4d2316219dbdfc98c76a18805fe3b88506
5,pick_up_the_black_bowl_on_the_ramekin_and_place_it_on_the_plate,13,1,101,11,15013,property_sampler_clear_v1,491b4aa0aed18199a8346a908103bb66b6ff894090c98586060e906ca4bcf84f
5,pick_up_the_black_bowl_on_the_ramekin_and_place_it_on_the_plate,14,1,100,10,15014,property_sampler_clear_v1,b79ea265e9e492a9d4a103e37e46b2d2c52c3cff044f2e809c64c056a041e63b
5,pick_up_the_black_bowl_on_the_ramekin_and_place_it_on_the_plate,15,1,91,10,15015,property_sampler_clear_v1,93ee22bce0deee2088678c2d4baf49867cf1b808c311f37201f08ec05edb360a
5,pick_up_the_black_bowl_on_the_ramekin_and_place_it_on_the_plate,16,0,280,28,15016,property_sampler_clear_v1,71c2b13a6071652eb1455cac9051469440db9a63da20b9494c62bd73ba199b0c
5,pick_up_the_black_bowl_on_the_ramekin_and_place_it_on_the_plate,17,1,99,10,15017,property_sampler_clear_v1,9694a511c280f22894203f0dfd28831dd3d6d59a7349f935772b517cec817928
5,pick_up_the_black_bowl_on_the_ramekin_and_place_it_on_the_plate,18,1,89,9,15018,property_sampler_clear_v1,aa7cc72670a550d913ac3bb83d304ac54a7cb2b3b3e4f0e2a6534cd99b21178d
5,pick_up_the_black_bowl_on_the_ramekin_and_place_it_on_the_plate,19,1,125,13,15019,property_sampler_clear_v1,538ef27d01798915483aac7db511042a3513e6e4529cfe9c6687c389a6686f37
5,pick_up_the_black_bowl_on_the_ramekin_and_place_it_on_the_plate,20,1,100,10,15020,property_sampler_clear_v1,b629f92e549810393920a92039a027db9d5c75b7618db34d5bfb810d0057be22
5,pick_up_the_black_bowl_on_the_ramekin_and_place_it_on_the_plate,21,0,280,28,15021,property_sampler_clear_v1,c81c496fdae7e3faf43c3600ef9099bb75592d6b35308b2f50a11b23129f88d2
5,pick_up_the_black_bowl_on_the_ramekin_and_place_it_on_the_plate,22,1,96,10,15022,property_sampler_clear_v1,0d81a3929b98a8f737d904f64dae49258f909f792c153ebb604102bc04f3b514
5,pick_up_the_black_bowl_on_the_ramekin_and_place_it_on_the_plate,23,1,93,10,15023,property_sampler_clear_v1,02260bff5811350375b34f0fa379367c201ffe5e878de61824441d135f798c6e
5,pick_up_the_black_bowl_on_the_ramekin_and_place_it_on_the_plate,24,1,92,10,15024,property_sampler_clear_v1,2fa727376656a67276d6d48b337d909175cea9fa519e5369e024bfd2a4b0b9fe
5,pick_up_the_black_bowl_on_the_ramekin_and_place_it_on_the_plate,25,1,94,10,15025,property_sampler_clear_v1,56d79290b5aa43ab8a3229f726ae2b61a3ab8a385d5f17b2ac6d96463b2c79c8
5,pick_up_the_black_bowl_on_the_ramekin_and_place_it_on_the_plate,26,1,90,9,15026,property_sampler_clear_v1,aadd04238c729b2caa9ca2c7e08e9fab6f47e862618d7a4171bb071dabe5eb7d
5,pick_up_the_black_bowl_on_the_ramekin_and_place_it_on_the_plate,27,1,92,10,15027,property_sampler_clear_v1,0b0b3cc6d5e8382dabd8ed46d68780cf232dd6f08afaf1dbe57e5317cab6d130
5,pick_up_the_black_bowl_on_the_ramekin_and_place_it_on_the_plate,28,1,90,9,15028,property_sampler_clear_v1,d40629e56a998651045b8eef8a68145473312ea931a48da6856e1f5ebca60f15
5,pick_up_the_black_bowl_on_the_ramekin_and_place_it_on_the_plate,29,1,93,10,15029,property_sampler_clear_v1,fb2b603bbfd5a7345978bba031e545fc47e938d12ac91f09e40d18b6f433a98c
5,pick_up_the_black_bowl_on_the_ramekin_and_place_it_on_the_plate,30,1,90,9,15030,property_sampler_clear_v1,2f2c58f10e5103f9c16aea1f44f0bc62bbaecc7bb38e56cf762961776aa88af0
5,pick_up_the_black_bowl_on_the_ramekin_and_place_it_on_the_plate,31,1,102,11,15031,property_sampler_clear_v1,201638b04b9d707f77a42e4e0394bfc4d4ea3629bf98d57ae891d829a9cf444e
5,pick_up_the_black_bowl_on_the_ramekin_and_place_it_on_the_plate,32,1,99,10,15032,property_sampler_clear_v1,73036d072dcc4bb27b990337b3186a54947418480a9f88c76019ce5f68d57600
5,pick_up_the_black_bowl_on_the_ramekin_and_place_it_on_the_plate,33,1,100,10,15033,property_sampler_clear_v1,0797aa531c0c6acf0322117e407f81e86852988e8b93155569d8c015dc1ec454
5,pick_up_the_black_bowl_on_the_ramekin_and_place_it_on_the_plate,34,1,94,10,15034,property_sampler_clear_v1,0fd7e405255984b6d105eeb78be1010f5860ba6a6482ce7100285a4d08975f5e
5,pick_up_the_black_bowl_on_the_ramekin_and_place_it_on_the_plate,35,1,86,9,15035,property_sampler_clear_v1,ca422745dde8178c38a206b7e21dfa5351834ce2a329c92dec104f0960702f7a
5,pick_up_the_black_bowl_on_the_ramekin_and_place_it_on_the_plate,36,0,280,28,15036,property_sampler_clear_v1,83c0dab6377044e9461f909f657589e23a6f8a09776c574216f144c4f348da9d
5,pick_up_the_black_bowl_on_the_ramekin_and_place_it_on_the_plate,37,1,94,10,15037,property_sampler_clear_v1,d4e6be3d3782f079ee733951a65cfcc3b41f9d487f32437b93c42d649b15798a
5,pick_up_the_black_bowl_on_the_ramekin_and_place_it_on_the_plate,38,0,280,28,15038,property_sampler_clear_v1,f03dd1a03a26d123e8b6fc77b1d852db2c87e4efda7dc28cb181a41121f75a16
5,pick_up_the_black_bowl_on_the_ramekin_and_place_it_on_the_plate,39,1,95,10,15039,property_sampler_clear_v1,5274b82f1872ceb63ce14807255b7894501a2adde0e946623401454cd89275b9
5,pick_up_the_black_bowl_on_the_ramekin_and_place_it_on_the_plate,40,0,280,28,15040,property_sampler_clear_v1,3d2bb311d8d0741091e19206fd8ae6413fd4fd2b11fa7128f184d741bdcfd94d
5,pick_up_the_black_bowl_on_the_ramekin_and_place_it_on_the_plate,41,1,91,10,15041,property_sampler_clear_v1,7ca58edd8767fa50340c80c88a29442af22d781b9f494f8ee32dd93598d094e7
5,pick_up_the_black_bowl_on_the_ramekin_and_place_it_on_the_plate,42,1,99,10,15042,property_sampler_clear_v1,ac331744e24eb9bac2c37b526f7478c73c78df53c65b29008f3232cedb79d2c9
5,pick_up_the_black_bowl_on_the_ramekin_and_place_it_on_the_plate,43,1,90,9,15043,property_sampler_clear_v1,a1cb315baf48149f12a50a15bcebb2038f61b35e72c47859f960a197a5c10bb6
5,pick_up_the_black_bowl_on_the_ramekin_and_place_it_on_the_plate,44,1,93,10,15044,property_sampler_clear_v1,03f5b16929d089a9b4db82f516fa2e177742e38d30035803d4977aeca4560824
5,pick_up_the_black_bowl_on_the_ramekin_and_place_it_on_the_plate,45,1,106,11,15045,property_sampler_clear_v1,cd16214474f32e4ac8096f9cda1addef1e791a335cb071ab8714d59dd497f9a5
5,pick_up_the_black_bowl_on_the_ramekin_and_place_it_on_the_plate,46,1,89,9,15046,property_sampler_clear_v1,2d5500121dfd464dc211a52d655e40030d53bdb99f106d0cf292e2b65d4cfc89
5,pick_up_the_black_bowl_on_the_ramekin_and_place_it_on_the_plate,47,1,97,10,15047,property_sampler_clear_v1,f476ae07b2583514f523a3364f9c34e0a1441dc08fda65fda6ebdf8883744520
5,pick_up_the_black_bowl_on_the_ramekin_and_place_it_on_the_plate,48,1,93,10,15048,property_sampler_clear_v1,96f43e571cf12a35912fb754ec68e9b429295c0e92049ede02159266f854435d
5,pick_up_the_black_bowl_on_the_ramekin_and_place_it_on_the_plate,49,1,88,9,15049,property_sampler_clear_v1,d07260b70c94eee9f4b1dcefa3df27699cfcddbdda2baeb5b6e503e407e7ae4b
6,pick_up_the_black_bowl_next_to_the_cookie_box_and_place_it_on_the_plate,0,1,114,12,16000,property_sampler_clear_v1,b5aedda6526a4bf44392623691945662255f91491cdb8ec499432e90360b9796
6,pick_up_the_black_bowl_next_to_the_cookie_box_and_place_it_on_the_plate,1,1,106,11,16001,property_sampler_clear_v1,f914ea9c28045034e3c6ff08b1771ef5887ea58a6ea72d46f87bdba094a8d2cc
6,pick_up_the_black_bowl_next_to_the_cookie_box_and_place_it_on_the_plate,2,1,105,11,16002,property_sampler_clear_v1,d416309565250c51bc4aeab11dba450f78c87a50357ff25282e378bbb7c0e66f
6,pick_up_the_black_bowl_next_to_the_cookie_box_and_place_it_on_the_plate,3,1,111,12,16003,property_sampler_clear_v1,7cb747280734026fb0b30c9bfd304d80aca67ce9eb3ef36d77221859257f1130
6,pick_up_the_black_bowl_next_to_the_cookie_box_and_place_it_on_the_plate,4,1,107,11,16004,property_sampler_clear_v1,2d517c75dd3b8264a8342cb33b5df1a9ea485d46f83034ea6483e9659a53216b
6,pick_up_the_black_bowl_next_to_the_cookie_box_and_place_it_on_the_plate,5,1,108,11,16005,property_sampler_clear_v1,8d2c766a2c7ba43ccb5d73b73ebbf63bf59f55dea598a3908fca1812a95029a4
6,pick_up_the_black_bowl_next_to_the_cookie_box_and_place_it_on_the_plate,6,1,106,11,16006,property_sampler_clear_v1,c9eac15429069285b2ec3950dfb69ddcdd302d72d58d21d090483bb1ab5eec92
6,pick_up_the_black_bowl_next_to_the_cookie_box_and_place_it_on_the_plate,7,1,105,11,16007,property_sampler_clear_v1,b7cfe868ec958ad9a620dde64137c79fcd82f635c48070b33be9929389a0f1bf
6,pick_up_the_black_bowl_next_to_the_cookie_box_and_place_it_on_the_plate,8,1,121,13,16008,property_sampler_clear_v1,f91b3fbad2dbe71fdcd3fa9fe61c52652325abd89f59080b1987393c5b18fe89
6,pick_up_the_black_bowl_next_to_the_cookie_box_and_place_it_on_the_plate,9,1,101,11,16009,property_sampler_clear_v1,c0514d649591f71315d42268b09ceccef9318f7a9cb5a987d382137fda7285e1
6,pick_up_the_black_bowl_next_to_the_cookie_box_and_place_it_on_the_plate,10,1,99,10,16010,property_sampler_clear_v1,f9586a358b9bb951039dd282a849b8bbc65f93ddbf7211de15d8904eca66f689
6,pick_up_the_black_bowl_next_to_the_cookie_box_and_place_it_on_the_plate,11,1,98,10,16011,property_sampler_clear_v1,b48ae7e900271e6a8bf17fbb2eda0d2dd913e5326f129537454188186e6cd257
6,pick_up_the_black_bowl_next_to_the_cookie_box_and_place_it_on_the_plate,12,1,108,11,16012,property_sampler_clear_v1,f8dc16f08cb32bb14c6239d8016b6ad1b287a97dd45a5edfe1a1b5f9a43d2e4a
6,pick_up_the_black_bowl_next_to_the_cookie_box_and_place_it_on_the_plate,13,1,101,11,16013,property_sampler_clear_v1,27386a113ea869fb3ad439c13fb13ee3fd209ba781acac29d328b6f0d0bed4ff
6,pick_up_the_black_bowl_next_to_the_cookie_box_and_place_it_on_the_plate,14,1,101,11,16014,property_sampler_clear_v1,8bfad0537a4327557edc9272e7a9963980452ae0adbe86a3c9ae57fc3cd08317
6,pick_up_the_black_bowl_next_to_the_cookie_box_and_place_it_on_the_plate,15,1,108,11,16015,property_sampler_clear_v1,91ab4502268efe34c15de96315f9fc3d82820560fe20099c0f24351bdae398a7
6,pick_up_the_black_bowl_next_to_the_cookie_box_and_place_it_on_the_plate,16,1,100,10,16016,property_sampler_clear_v1,f6e35302a52db865483d77af3fe0fb66dfac1f8754c4ea09a77c7b8665b5c781
6,pick_up_the_black_bowl_next_to_the_cookie_box_and_place_it_on_the_plate,17,1,107,11,16017,property_sampler_clear_v1,f1944793458f1a3bfc8e8addd455a2082cd986700ff3bb5e7b4e91d987d1bc11
6,pick_up_the_black_bowl_next_to_the_cookie_box_and_place_it_on_the_plate,18,1,101,11,16018,property_sampler_clear_v1,2aa4582b041c0c7235a193899ccd637c2b262f5d37032d0fe126e5ee418312b2
6,pick_up_the_black_bowl_next_to_the_cookie_box_and_place_it_on_the_plate,19,1,101,11,16019,property_sampler_clear_v1,43b636b3396254fc03b21b774fb0b7c28f8f6a5cf76e064213c66bcfee442c15
6,pick_up_the_black_bowl_next_to_the_cookie_box_and_place_it_on_the_plate,20,1,104,11,16020,property_sampler_clear_v1,7b0f229e5b44ce763610dbd349f326d6386b3f0d5df9fcf51b4dd46daf6715fa
6,pick_up_the_black_bowl_next_to_the_cookie_box_and_place_it_on_the_plate,21,0,280,28,16021,property_sampler_clear_v1,5e9f30f1ecfa0b1f1494a6bb9ea592abae2983943e730f1b2155c1db721bfa14
6,pick_up_the_black_bowl_next_to_the_cookie_box_and_place_it_on_the_plate,22,1,102,11,16022,property_sampler_clear_v1,fc6d6f250a7adf6dc361f5f18d8df0326dd5b6541c67c18d77e8414ed77fc4b8
6,pick_up_the_black_bowl_next_to_the_cookie_box_and_place_it_on_the_plate,23,1,97,10,16023,property_sampler_clear_v1,56bc230ce3b26d538386e8569de8765a729963556679aaaacf08b5ca68f562b5
6,pick_up_the_black_bowl_next_to_the_cookie_box_and_place_it_on_the_plate,24,1,103,11,16024,property_sampler_clear_v1,2f122af0523e2ca8a72922830bdf310a46ffa3af7ceefbdbd79951fdaa732b36
6,pick_up_the_black_bowl_next_to_the_cookie_box_and_place_it_on_the_plate,25,1,119,12,16025,property_sampler_clear_v1,1d41b6a253c75f0261906da534bd3ed9fca6c02510d5a5783b460ff38366122b
6,pick_up_the_black_bowl_next_to_the_cookie_box_and_place_it_on_the_plate,26,1,115,12,16026,property_sampler_clear_v1,a8464f7ac34243035876740721f21280f974242d94016886250dabcf5cb39f81
6,pick_up_the_black_bowl_next_to_the_cookie_box_and_place_it_on_the_plate,27,1,108,11,16027,property_sampler_clear_v1,dfeeeff0e1852194a6410c860c7c2ad266dc2e8a86c3e20c8e4bc68f547d68f5
6,pick_up_the_black_bowl_next_to_the_cookie_box_and_place_it_on_the_plate,28,1,106,11,16028,property_sampler_clear_v1,d607917e13f7e3fbab05832a5e6321ff95b4289aaf943b38eb24626fbe63a9cb
6,pick_up_the_black_bowl_next_to_the_cookie_box_and_place_it_on_the_plate,29,1,111,12,16029,property_sampler_clear_v1,271daaac40759f4d26c4066f037234206fb8ab46803c5c94924c6baf23961b88
6,pick_up_the_black_bowl_next_to_the_cookie_box_and_place_it_on_the_plate,30,1,110,11,16030,property_sampler_clear_v1,61da1064975299e6303da8452a0fd0d7bf026473431b646ef2d0ec91b8461d02
6,pick_up_the_black_bowl_next_to_the_cookie_box_and_place_it_on_the_plate,31,1,108,11,16031,property_sampler_clear_v1,e25e684f89207a04f36896ff6b451d70349d18f6523d6db15fde2924541591cf
6,pick_up_the_black_bowl_next_to_the_cookie_box_and_place_it_on_the_plate,32,1,106,11,16032,property_sampler_clear_v1,ccea36b68a364238737c15fb6d53e684905f5745392dd58fd56792b51e049ff6
6,pick_up_the_black_bowl_next_to_the_cookie_box_and_place_it_on_the_plate,33,1,115,12,16033,property_sampler_clear_v1,f759ae8dec84fe35372579fdc259153cbd220a9a6bfe680ba13f5f7a3e7828e4
6,pick_up_the_black_bowl_next_to_the_cookie_box_and_place_it_on_the_plate,34,1,113,12,16034,property_sampler_clear_v1,28a5f3622ff6bc8d10891aa0eb1fb6dbbad6e00a30e7fd2bd58dd10c16182c93
6,pick_up_the_black_bowl_next_to_the_cookie_box_and_place_it_on_the_plate,35,1,112,12,16035,property_sampler_clear_v1,da9a7585d2837159ebc41e9b6aa5c3a11a03200d283dd90e9e8328f6a8917820
6,pick_up_the_black_bowl_next_to_the_cookie_box_and_place_it_on_the_plate,36,1,105,11,16036,property_sampler_clear_v1,3edd58e626aeca514b810236c269187a411e288bb383e98c1943c3e24a6a0335
6,pick_up_the_black_bowl_next_to_the_cookie_box_and_place_it_on_the_plate,37,1,113,12,16037,property_sampler_clear_v1,029b55f571bad3a11026f90e388d6d7a6489a8f3f638e247bfb8f4b9cdf3b3c8
6,pick_up_the_black_bowl_next_to_the_cookie_box_and_place_it_on_the_plate,38,1,109,11,16038,property_sampler_clear_v1,8eeab35fb024d4555677c5e923f1432d216225d85e217c12cb8888a8525bf01b
6,pick_up_the_black_bowl_next_to_the_cookie_box_and_place_it_on_the_plate,39,1,108,11,16039,property_sampler_clear_v1,b98e636abe9fbe030e10bb806d610188122721f12280678bdf6d405b425c66ef
6,pick_up_the_black_bowl_next_to_the_cookie_box_and_place_it_on_the_plate,40,1,100,10,16040,property_sampler_clear_v1,debbd6b9d8e4b984359de1e6dce201a9f7d853d335a32aaaa5e91374b3f5351d
6,pick_up_the_black_bowl_next_to_the_cookie_box_and_place_it_on_the_plate,41,1,111,12,16041,property_sampler_clear_v1,45ff37c1d0bc413a5ba23b36a0207c46cec1ab35c58cca8b7cf8d4431ed1f991
6,pick_up_the_black_bowl_next_to_the_cookie_box_and_place_it_on_the_plate,42,1,110,11,16042,property_sampler_clear_v1,0ad04c3f33e867bf350382e90031d84b32cf317781e27dd772baf8e9252527d9
6,pick_up_the_black_bowl_next_to_the_cookie_box_and_place_it_on_the_plate,43,1,104,11,16043,property_sampler_clear_v1,69fda75dd5e84774e8b58443eb719cc2ffef619d1285bc175324ba26269c2f68
6,pick_up_the_black_bowl_next_to_the_cookie_box_and_place_it_on_the_plate,44,1,101,11,16044,property_sampler_clear_v1,323849220218dab20c3c3823f1398376c884dfc57e3ffe6db01e34e4843afebf
6,pick_up_the_black_bowl_next_to_the_cookie_box_and_place_it_on_the_plate,45,1,109,11,16045,property_sampler_clear_v1,1f740253dff5a3294374483977153050e8b645ad2757c615484ca4b5ac1e46e7
6,pick_up_the_black_bowl_next_to_the_cookie_box_and_place_it_on_the_plate,46,1,106,11,16046,property_sampler_clear_v1,139182c88b54c6cc51f7ef99637fa5112187b49ffd6cfb259f7d2e217c3d4d3f
6,pick_up_the_black_bowl_next_to_the_cookie_box_and_place_it_on_the_plate,47,1,121,13,16047,property_sampler_clear_v1,b3c2249adcba02d226b7297d2c0b6c44bdbde375c966faadeea86b34d23d605f
6,pick_up_the_black_bowl_next_to_the_cookie_box_and_place_it_on_the_plate,48,1,104,11,16048,property_sampler_clear_v1,4a27c03d3de801466c832f00a542b5fe2e8a92fac0cc880ef98ca7e41c600deb
6,pick_up_the_black_bowl_next_to_the_cookie_box_and_place_it_on_the_plate,49,1,103,11,16049,property_sampler_clear_v1,12657f01f638cb4dd032cf00a9b083c181497bead251293e02b463c27e19bd3e
7,pick_up_the_black_bowl_on_the_stove_and_place_it_on_the_plate,0,1,109,11,17000,property_sampler_clear_v1,cd4157fc3095c4027a377756a3ba7c9f4c605522207595381ba2d0ca8b3fe355
7,pick_up_the_black_bowl_on_the_stove_and_place_it_on_the_plate,1,1,111,12,17001,property_sampler_clear_v1,5ca20717381e4fb161148491dbd477e55d695d06480fbbb1bb3e98a39f0dba82
7,pick_up_the_black_bowl_on_the_stove_and_place_it_on_the_plate,2,1,118,12,17002,property_sampler_clear_v1,f0280ebc82515744e48242d3a51202a62d62b1d32fec7a0619442c692cec8032
7,pick_up_the_black_bowl_on_the_stove_and_place_it_on_the_plate,3,1,117,12,17003,property_sampler_clear_v1,86601abe7a48d43edb5d0673e3adf78f45ef7ac7ff560bdc79c36026dc30095c
7,pick_up_the_black_bowl_on_the_stove_and_place_it_on_the_plate,4,1,120,12,17004,property_sampler_clear_v1,efada883b94e6c418bd700dfcb6e158de4070ffbb9c6f42f6ff655c93dc88861
7,pick_up_the_black_bowl_on_the_stove_and_place_it_on_the_plate,5,1,110,11,17005,property_sampler_clear_v1,9a98802891fb3298f2c8b79b6d0628e34d1170b3dc13903c80429b6b5449efbc
7,pick_up_the_black_bowl_on_the_stove_and_place_it_on_the_plate,6,1,130,13,17006,property_sampler_clear_v1,045cd11cb252f70802e5425d60d8ab92525dc6c168d55a5edda7d02914c1dbda
7,pick_up_the_black_bowl_on_the_stove_and_place_it_on_the_plate,7,1,112,12,17007,property_sampler_clear_v1,d7be4a806e57733549dea5fd92dc7bb54c78cdc1171952aba8af74869388f83f
7,pick_up_the_black_bowl_on_the_stove_and_place_it_on_the_plate,8,1,124,13,17008,property_sampler_clear_v1,cd3da0b89b2b1de4a39cf1b4c34abe9b012610eeb514231adbb70a61d0632d62
7,pick_up_the_black_bowl_on_the_stove_and_place_it_on_the_plate,9,1,113,12,17009,property_sampler_clear_v1,1d87ea7d52faeaa5ab7143ca8eec4e5adcc883696276611789316df567122c94
7,pick_up_the_black_bowl_on_the_stove_and_place_it_on_the_plate,10,0,280,28,17010,property_sampler_clear_v1,ef3052604d569b7a5f597329e377c52ca7b719f4ec32639a0423c3119ad6b3e7
7,pick_up_the_black_bowl_on_the_stove_and_place_it_on_the_plate,11,1,115,12,17011,property_sampler_clear_v1,f06b367f98bf3588870cf08717b2c0c4fddd823ca6d9ea874e0ce016da26c3de
7,pick_up_the_black_bowl_on_the_stove_and_place_it_on_the_plate,12,1,119,12,17012,property_sampler_clear_v1,2e80da1c4506cdc885fdd7eb7900445c061239b5605b4e3ed6ba68be066cc379
7,pick_up_the_black_bowl_on_the_stove_and_place_it_on_the_plate,13,1,116,12,17013,property_sampler_clear_v1,c8e915b10d322148fe4fd7dec54a712059ba80de039d4d41fdeb5a73ca5f7820
7,pick_up_the_black_bowl_on_the_stove_and_place_it_on_the_plate,14,1,116,12,17014,property_sampler_clear_v1,ccbc0a17bcb26a54ae0fc14dabcefa21eeb5c4c39befaf6d37a3f07c7f5bf725
7,pick_up_the_black_bowl_on_the_stove_and_place_it_on_the_plate,15,1,132,14,17015,property_sampler_clear_v1,42aad3aa529236fef00b0fb43ff7c0da8724e9f272565dd717d2b1d80d64525c
7,pick_up_the_black_bowl_on_the_stove_and_place_it_on_the_plate,16,0,280,28,17016,property_sampler_clear_v1,c56d02828f3b114a4a7bae3b8d34b12ce370e0a7c447cf53c9e66e492450d037
7,pick_up_the_black_bowl_on_the_stove_and_place_it_on_the_plate,17,1,119,12,17017,property_sampler_clear_v1,8c36b04e0ba53508496d14b29f08ecdba108ce025301befec230bf209c784c75
7,pick_up_the_black_bowl_on_the_stove_and_place_it_on_the_plate,18,1,113,12,17018,property_sampler_clear_v1,fd69a32be674eb371fa0f411ddbac10a1614f9bcec39572a7f75d1caa7b245d2
7,pick_up_the_black_bowl_on_the_stove_and_place_it_on_the_plate,19,0,280,28,17019,property_sampler_clear_v1,4c122c158072d6b8ba04b4b4cc5e5f13898922fae2782b0cfdc0abe112f9b8b1
7,pick_up_the_black_bowl_on_the_stove_and_place_it_on_the_plate,20,1,123,13,17020,property_sampler_clear_v1,eb02dfa19527d25115943c48ba7509d1e12941918d6181e555387486623b8799
7,pick_up_the_black_bowl_on_the_stove_and_place_it_on_the_plate,21,1,118,12,17021,property_sampler_clear_v1,579d019ee9385f4654ab2fc97c2c399475bf5e9212ebdb76dcdccfd45fe037b5
7,pick_up_the_black_bowl_on_the_stove_and_place_it_on_the_plate,22,1,113,12,17022,property_sampler_clear_v1,79030998f4828bcb3c60789fb553e6f3145e8f9bc480cf46bb1714f5a849fec8
7,pick_up_the_black_bowl_on_the_stove_and_place_it_on_the_plate,23,1,118,12,17023,property_sampler_clear_v1,da879b1b7938dda62189a431163c8bc5b43260e9af6a42ecc86908579a012698
7,pick_up_the_black_bowl_on_the_stove_and_place_it_on_the_plate,24,1,108,11,17024,property_sampler_clear_v1,ad6a947d4656235b430d20dc94ff5da333a129a8927e3aa3fe0e1381c67725b3
7,pick_up_the_black_bowl_on_the_stove_and_place_it_on_the_plate,25,1,117,12,17025,property_sampler_clear_v1,52f05cec899ba5229f645f7acda9b13bb8a63816aec42ac4b7fdcc7e8bfdee2b
7,pick_up_the_black_bowl_on_the_stove_and_place_it_on_the_plate,26,1,122,13,17026,property_sampler_clear_v1,0866fecef995472ee46e0fb862c474db1a12199f33fc7aa28a274ffd01f7b670
7,pick_up_the_black_bowl_on_the_stove_and_place_it_on_the_plate,27,1,132,14,17027,property_sampler_clear_v1,60ceff65bd63dda60f6fb90987242bd10d73f14b49f4844a9b54ba90e1b489f2
7,pick_up_the_black_bowl_on_the_stove_and_place_it_on_the_plate,28,1,135,14,17028,property_sampler_clear_v1,24fee7604a7163a67f84d9071ea019fd7185f5af53260dc3c10ee2d9dd1a4313
7,pick_up_the_black_bowl_on_the_stove_and_place_it_on_the_plate,29,1,122,13,17029,property_sampler_clear_v1,64713c208b27c58c70d7a19ec61ce80e04c7f1be530f415682db41d80d4d511f
7,pick_up_the_black_bowl_on_the_stove_and_place_it_on_the_plate,30,1,121,13,17030,property_sampler_clear_v1,12d8eb4caa1cab4cc01999e9a4d545de03a5d8a93a91c433884e2dda8123f008
7,pick_up_the_black_bowl_on_the_stove_and_place_it_on_the_plate,31,1,121,13,17031,property_sampler_clear_v1,a4bf6e6ee68b9c6f5c0844523000e217e328abb965a1c2a2c3cecdf50126daf7
7,pick_up_the_black_bowl_on_the_stove_and_place_it_on_the_plate,32,1,137,14,17032,property_sampler_clear_v1,ee1093d0064a8bc8251a4341ddf2c738fe654675ead608c68a067f1d0f23b321
7,pick_up_the_black_bowl_on_the_stove_and_place_it_on_the_plate,33,0,280,28,17033,property_sampler_clear_v1,35c6567a489381f54a0e6840aa944d23378f79cb59310e387376d3fe03a08a0e
7,pick_up_the_black_bowl_on_the_stove_and_place_it_on_the_plate,34,1,124,13,17034,property_sampler_clear_v1,30b8aed3c038ebaadaabb368f0be759f6301f950a163da219740c90661ac8ad4
7,pick_up_the_black_bowl_on_the_stove_and_place_it_on_the_plate,35,1,125,13,17035,property_sampler_clear_v1,4b58aeb0d3b0edce91e46d892bbf5a0d7a6b695213db82ba485b30afa85e0432
7,pick_up_the_black_bowl_on_the_stove_and_place_it_on_the_plate,36,0,280,28,17036,property_sampler_clear_v1,263fccb9c9b8b566bcea4a125e917356975d7128d1786d5ea5f1eee0b5ce07fd
7,pick_up_the_black_bowl_on_the_stove_and_place_it_on_the_plate,37,0,280,28,17037,property_sampler_clear_v1,05a3ee1600665aadd9570c76ec388a3f1c3e8e65b8fec7122facc72e5a4ec867
7,pick_up_the_black_bowl_on_the_stove_and_place_it_on_the_plate,38,1,120,12,17038,property_sampler_clear_v1,307133780ee51457eaa7a740e216bc7b0f0fb798ca75c38eb9be27b928e30d72
7,pick_up_the_black_bowl_on_the_stove_and_place_it_on_the_plate,39,1,113,12,17039,property_sampler_clear_v1,090e172478a6fc2a828c54a0730bd3818af6a86e46ccb5e9ef185eb4be5a5e2c
7,pick_up_the_black_bowl_on_the_stove_and_place_it_on_the_plate,40,1,115,12,17040,property_sampler_clear_v1,25c3bc28d8240f69f2b9f165ddec0d09bf254da660dd52c4bf9949b29933411b
7,pick_up_the_black_bowl_on_the_stove_and_place_it_on_the_plate,41,1,116,12,17041,property_sampler_clear_v1,78422803153b4c60b7b16d89894f2a537046a4b507bc565089ee9963c6046053
7,pick_up_the_black_bowl_on_the_stove_and_place_it_on_the_plate,42,1,117,12,17042,property_sampler_clear_v1,7e2ab5f67d6b1c759715eef34d34504249fb368b694fac680dc5b9d41f146b82
7,pick_up_the_black_bowl_on_the_stove_and_place_it_on_the_plate,43,1,122,13,17043,property_sampler_clear_v1,655818a2c9ea6f3acd46057b06162d3536a17882ea809b56357824f85c2aee4a
7,pick_up_the_black_bowl_on_the_stove_and_place_it_on_the_plate,44,1,127,13,17044,property_sampler_clear_v1,ad38ccd3596b6a86665315a43433482e45000fc74bd76c291bc26268c5b6c7da
7,pick_up_the_black_bowl_on_the_stove_and_place_it_on_the_plate,45,1,123,13,17045,property_sampler_clear_v1,9e2e5a238236cb5baeb02c919cebc32db77a9ee6de69d72900dee6f66f2a73f0
7,pick_up_the_black_bowl_on_the_stove_and_place_it_on_the_plate,46,1,121,13,17046,property_sampler_clear_v1,7808ec5134cec7b312a5fd72f2e52f53e6fd6503fe14a2a335a5e6621dc2a50a
7,pick_up_the_black_bowl_on_the_stove_and_place_it_on_the_plate,47,1,126,13,17047,property_sampler_clear_v1,a5b92c3a2726ebf5b730590c730c00a97e095e6afd64eec9d18d00f38bc03474
7,pick_up_the_black_bowl_on_the_stove_and_place_it_on_the_plate,48,1,126,13,17048,property_sampler_clear_v1,e66b2cd99d6ea7277508271002bee6683374d5bd1535424a22de9160456f3931
7,pick_up_the_black_bowl_on_the_stove_and_place_it_on_the_plate,49,0,280,28,17049,property_sampler_clear_v1,eed8a04bfadadafcbdb60bc3a9872707dc01e4a1485c409b1ae90f10568589ff
8,pick_up_the_black_bowl_next_to_the_plate_and_place_it_on_the_plate,0,1,93,10,18000,property_sampler_clear_v1,70a3ab1b38c5f5248cebc46aebd8bcf005070228edf8c75124d3f379c3eb0aac
8,pick_up_the_black_bowl_next_to_the_plate_and_place_it_on_the_plate,1,1,92,10,18001,property_sampler_clear_v1,80c99a35fb39877389c2ad4588409a8d61f7525aa4920be0ff86d0eb545e9273
8,pick_up_the_black_bowl_next_to_the_plate_and_place_it_on_the_plate,2,0,280,28,18002,property_sampler_clear_v1,19b32dd96769a2fd1b6858c9a0820665c9591f40e07ec111a62b35b11e659b6e
8,pick_up_the_black_bowl_next_to_the_plate_and_place_it_on_the_plate,3,0,280,28,18003,property_sampler_clear_v1,18b44b73f0da1f7b90e92861aba3670cea9dbe43e4c338cfb40f36c438e089a3
8,pick_up_the_black_bowl_next_to_the_plate_and_place_it_on_the_plate,4,0,280,28,18004,property_sampler_clear_v1,dabddd66fe0d7f78bb88a2755dd39b878dae97a93f200dbcd18ced1d8a6908ed
8,pick_up_the_black_bowl_next_to_the_plate_and_place_it_on_the_plate,5,1,93,10,18005,property_sampler_clear_v1,559b28e896c3715498e7beb234e7a0f5122cd98fd52f5a2465e702e0ca186e2a
8,pick_up_the_black_bowl_next_to_the_plate_and_place_it_on_the_plate,6,1,93,10,18006,property_sampler_clear_v1,c41b014e5eaf0bd9d9320bd9106b0f22bb79413dbfe8816edb981233dbc8704c
8,pick_up_the_black_bowl_next_to_the_plate_and_place_it_on_the_plate,7,0,280,28,18007,property_sampler_clear_v1,627b879405f7a1fdbb3d7e2c61dfe37af62ef925a24a3128d38ebae24b01e243
8,pick_up_the_black_bowl_next_to_the_plate_and_place_it_on_the_plate,8,1,98,10,18008,property_sampler_clear_v1,b17094e2c80f33ca96c472dbbefa874a8eac25b8759e7bfa6b0746c11c379a61
8,pick_up_the_black_bowl_next_to_the_plate_and_place_it_on_the_plate,9,1,95,10,18009,property_sampler_clear_v1,39b652035c2b3f31330c8cfb28117dcbe4724d0768d47e8b8b6184e8f4252e6b
8,pick_up_the_black_bowl_next_to_the_plate_and_place_it_on_the_plate,10,1,101,11,18010,property_sampler_clear_v1,3e5e930211b3e1fe88f55c56fca57a23f64a21115524ce3b25550489067a7787
8,pick_up_the_black_bowl_next_to_the_plate_and_place_it_on_the_plate,11,1,92,10,18011,property_sampler_clear_v1,edbc48d6b41ca2031df275a6808f983286f9c2c64103c90076b9c89d0f6d3aba
8,pick_up_the_black_bowl_next_to_the_plate_and_place_it_on_the_plate,12,1,88,9,18012,property_sampler_clear_v1,acfdb448c747917aa90ec2558b382523693bbb0bf515d3112725f053669a73c3
8,pick_up_the_black_bowl_next_to_the_plate_and_place_it_on_the_plate,13,1,171,18,18013,property_sampler_clear_v1,a5450b1a1ac5bc23fc5c487c9c838a3371731bcd916859a0c042a727bb1eb136
8,pick_up_the_black_bowl_next_to_the_plate_and_place_it_on_the_plate,14,1,90,9,18014,property_sampler_clear_v1,118ffb5f389a726cef34f5bd79896c02eeed515b38edb8039f7ac9fd7fa0fed0
8,pick_up_the_black_bowl_next_to_the_plate_and_place_it_on_the_plate,15,0,280,28,18015,property_sampler_clear_v1,c3052aa3ed1500999a89ef20dece69831ef09465f8da2b656b7eddc3689e56ba
8,pick_up_the_black_bowl_next_to_the_plate_and_place_it_on_the_plate,16,1,101,11,18016,property_sampler_clear_v1,27382a08a7c3dc10e0232c76a61287ab798cc19238f563894b18d7f1d2e0d592
8,pick_up_the_black_bowl_next_to_the_plate_and_place_it_on_the_plate,17,1,95,10,18017,property_sampler_clear_v1,a6e7e5add3f1137c08dac9da669dd478e2073d80eab55b2e8f9e3fc8c6bfaa45
8,pick_up_the_black_bowl_next_to_the_plate_and_place_it_on_the_plate,18,1,94,10,18018,property_sampler_clear_v1,dcbbc513a8ae8a1b900482d25836779917164a91172ab8f23ae3b5f28bd6c593
8,pick_up_the_black_bowl_next_to_the_plate_and_place_it_on_the_plate,19,1,94,10,18019,property_sampler_clear_v1,b81acfb07200abe54b78b81822ea4d16131cc768fac15c89b99d9d15794aa41e
8,pick_up_the_black_bowl_next_to_the_plate_and_place_it_on_the_plate,20,1,83,9,18020,property_sampler_clear_v1,ae47a63d5717e584e542de23a9b5a3cc069bcd4a0f5c0d84a70067fbc2a22f39
8,pick_up_the_black_bowl_next_to_the_plate_and_place_it_on_the_plate,21,0,280,28,18021,property_sampler_clear_v1,e05e0335168c0edf5cb104b9c28f7bcd929c5c7cb124d74a0c95af137a82a136
8,pick_up_the_black_bowl_next_to_the_plate_and_place_it_on_the_plate,22,1,96,10,18022,property_sampler_clear_v1,4385e0863471676c8acdf81ed74e276ec4a2cacbd4ad5a7c59bd13d9da1c5990
8,pick_up_the_black_bowl_next_to_the_plate_and_place_it_on_the_plate,23,1,93,10,18023,property_sampler_clear_v1,f477268ef0fe93f69ab24109383e33e84b015ffca98f727e91ecc68a063e9edc
8,pick_up_the_black_bowl_next_to_the_plate_and_place_it_on_the_plate,24,1,95,10,18024,property_sampler_clear_v1,bfe21bdc8d3395208797299e899c47a63022d5b229eee07416f53fa805f97ccf
8,pick_up_the_black_bowl_next_to_the_plate_and_place_it_on_the_plate,25,1,96,10,18025,property_sampler_clear_v1,f4463257e929e066141036fc24ebeb2a10f95636bc0b2ed48e5a22efb8645b0a
8,pick_up_the_black_bowl_next_to_the_plate_and_place_it_on_the_plate,26,0,280,28,18026,property_sampler_clear_v1,49b8acb2f4ba2db7cd9ad947f681351474ec4eafbdf0b90f286c80f171c05f66
8,pick_up_the_black_bowl_next_to_the_plate_and_place_it_on_the_plate,27,1,96,10,18027,property_sampler_clear_v1,ed6c225d34deb33de96688115c1dee1c10fdd1c64b429da5d8816cc4180432b2
8,pick_up_the_black_bowl_next_to_the_plate_and_place_it_on_the_plate,28,1,108,11,18028,property_sampler_clear_v1,ca155faa232916f489e8651ec976bfba73753fadf5a8e4ed261140890fe13c5f
8,pick_up_the_black_bowl_next_to_the_plate_and_place_it_on_the_plate,29,0,280,28,18029,property_sampler_clear_v1,9bf9d8c4e0ea1b26bc0ffa9a91878c4c5f5b2e8437e01e614f47cdd4804964ec
8,pick_up_the_black_bowl_next_to_the_plate_and_place_it_on_the_plate,30,1,95,10,18030,property_sampler_clear_v1,bf673055267e0fac24e846633ce743a0fcb1345a4452d83009964850ee51fc7a
8,pick_up_the_black_bowl_next_to_the_plate_and_place_it_on_the_plate,31,1,92,10,18031,property_sampler_clear_v1,dfff3ce73972eebaad028020b6057150987f8acc2448c5684ffdfac1188e8220
8,pick_up_the_black_bowl_next_to_the_plate_and_place_it_on_the_plate,32,1,93,10,18032,property_sampler_clear_v1,5da4fe31495d02cbdc4a7bfb353aa73fd0c34d2caae648839317e64c9755c174
8,pick_up_the_black_bowl_next_to_the_plate_and_place_it_on_the_plate,33,1,95,10,18033,property_sampler_clear_v1,12574b804552efc795eb409c142387a5f16131e2855c361f348ec413c00bc917
8,pick_up_the_black_bowl_next_to_the_plate_and_place_it_on_the_plate,34,0,280,28,18034,property_sampler_clear_v1,2f6d89147988af24bf6382540cfe8b7862e07d623eefaf052960b593d6bf7b30
8,pick_up_the_black_bowl_next_to_the_plate_and_place_it_on_the_plate,35,1,95,10,18035,property_sampler_clear_v1,649e526ad4d64b54e31569015a7ee7872e97ec2508b4da72eda84dd690ee1f3a
8,pick_up_the_black_bowl_next_to_the_plate_and_place_it_on_the_plate,36,1,97,10,18036,property_sampler_clear_v1,39f065cf8bedd1630a3954637ea92efbb31a92bbe6e1b67dd7912345cd454873
8,pick_up_the_black_bowl_next_to_the_plate_and_place_it_on_the_plate,37,1,95,10,18037,property_sampler_clear_v1,32667daa6916cb430475f312bfd062b2729e917e06b0fb40c8338d7304aa7193
8,pick_up_the_black_bowl_next_to_the_plate_and_place_it_on_the_plate,38,1,96,10,18038,property_sampler_clear_v1,ac9081cd7fcc2faece84d301fef241529a2fafa4549a16c2f62055e2f8849ee9
8,pick_up_the_black_bowl_next_to_the_plate_and_place_it_on_the_plate,39,1,181,19,18039,property_sampler_clear_v1,150544867c976a7799354f8857dfad0c89dd1919f4c1ea176acfebc8b6235fe1
8,pick_up_the_black_bowl_next_to_the_plate_and_place_it_on_the_plate,40,1,93,10,18040,property_sampler_clear_v1,875d3d19b8a52d78213839c3159e0c4296678228d60ffabf067e495fe35a7d65
8,pick_up_the_black_bowl_next_to_the_plate_and_place_it_on_the_plate,41,1,92,10,18041,property_sampler_clear_v1,c5114eb475d2dd3f9d5b417deb07fc564263e013c9d3351a8df9b61399a6bf31
8,pick_up_the_black_bowl_next_to_the_plate_and_place_it_on_the_plate,42,1,92,10,18042,property_sampler_clear_v1,adb9f9599c5a26689dfbc613701bd09fd8042000de34a4df9a909af927e27146
8,pick_up_the_black_bowl_next_to_the_plate_and_place_it_on_the_plate,43,1,101,11,18043,property_sampler_clear_v1,f8a9e1b6368773e02154f934844ca26867571842923e4fde7d14849c99631426
8,pick_up_the_black_bowl_next_to_the_plate_and_place_it_on_the_plate,44,0,280,28,18044,property_sampler_clear_v1,17c5a9d3fe8cd4bda8f9a8ce7800a786c57491a0ef6b4fb93ead2e95912f9ab4
8,pick_up_the_black_bowl_next_to_the_plate_and_place_it_on_the_plate,45,0,280,28,18045,property_sampler_clear_v1,c1d5da1ea8417d8dc87767dfe1735eaeb9fec875e089a104261b58a3d73b59c9
8,pick_up_the_black_bowl_next_to_the_plate_and_place_it_on_the_plate,46,1,87,9,18046,property_sampler_clear_v1,7c3a0a913af0cd3f788dc62af08b588945e56dcfb03324f51c6101df20b4e0b1
8,pick_up_the_black_bowl_next_to_the_plate_and_place_it_on_the_plate,47,0,280,28,18047,property_sampler_clear_v1,2444768df7f3e133ce2e426b64ca4a1a11baabb7b8699c49bfb3f61ad31685b5
8,pick_up_the_black_bowl_next_to_the_plate_and_place_it_on_the_plate,48,1,92,10,18048,property_sampler_clear_v1,9ffb2f893f72bf904791b240e5fdb0523a6054fa7f7041a7e88158199a3ac3ba
8,pick_up_the_black_bowl_next_to_the_plate_and_place_it_on_the_plate,49,1,92,10,18049,property_sampler_clear_v1,c1f2ea9fae73a72781c27e6c97010450f149bed4d95a131463f8c6bd8e10faa2
9,pick_up_the_black_bowl_on_the_wooden_cabinet_and_place_it_on_the_plate,0,1,126,13,19000,property_sampler_clear_v1,14b1afc87b4a419c43c8bdf2de03ad3f15cdeebf03f39957a5b0c4daba4d2f43
9,pick_up_the_black_bowl_on_the_wooden_cabinet_and_place_it_on_the_plate,1,0,280,28,19001,property_sampler_clear_v1,fcc869546846cacb4442879aded5a15de6b42648d79f821ea34092a6aeec972a
9,pick_up_the_black_bowl_on_the_wooden_cabinet_and_place_it_on_the_plate,2,1,126,13,19002,property_sampler_clear_v1,c2057c106283e0fc83fe66e37f40bbbdd2e4f51e16cf6965f7d5ed125d9008f2
9,pick_up_the_black_bowl_on_the_wooden_cabinet_and_place_it_on_the_plate,3,1,105,11,19003,property_sampler_clear_v1,f4ac65b95a85309b45867f41fe889009a6179d3d4a02d7c029b441e8f4002a8a
9,pick_up_the_black_bowl_on_the_wooden_cabinet_and_place_it_on_the_plate,4,1,135,14,19004,property_sampler_clear_v1,e56f75fe7e1cd6dd3ec7345728e3d7cb86cafd431c59fd7fbdb472c5792ef21c
9,pick_up_the_black_bowl_on_the_wooden_cabinet_and_place_it_on_the_plate,5,1,123,13,19005,property_sampler_clear_v1,6e6be9198d2c5202dc1c235c773142e6c9f1042f79023072ad4129e4a82ce798
9,pick_up_the_black_bowl_on_the_wooden_cabinet_and_place_it_on_the_plate,6,1,122,13,19006,property_sampler_clear_v1,a3fd73435952e3303bbc4c871dacb69061383580219ee4f78c83ba57e808a678
9,pick_up_the_black_bowl_on_the_wooden_cabinet_and_place_it_on_the_plate,7,1,123,13,19007,property_sampler_clear_v1,38a4eb83a467e26e7f26a765ab58aa8e89d9a034607b6466c5111764400f4e1d
9,pick_up_the_black_bowl_on_the_wooden_cabinet_and_place_it_on_the_plate,8,1,119,12,19008,property_sampler_clear_v1,35ac1d66b69a01a928f0a3ee25613953c6364282693cbaf6bcd8ce24ac69ce22
9,pick_up_the_black_bowl_on_the_wooden_cabinet_and_place_it_on_the_plate,9,1,122,13,19009,property_sampler_clear_v1,f71a94f857833fcc43504627efd663aaea0ead989ccd80dad1b620df86bc60d6
9,pick_up_the_black_bowl_on_the_wooden_cabinet_and_place_it_on_the_plate,10,1,123,13,19010,property_sampler_clear_v1,b3d0278317460fd77c3d2f84a295d22ca18d0cffc2c2de3a051ef95f519558c3
9,pick_up_the_black_bowl_on_the_wooden_cabinet_and_place_it_on_the_plate,11,1,119,12,19011,property_sampler_clear_v1,283cf780fac578ea3d2b180223285a6cea4ad6267c68de6030281f86d12b81a2
9,pick_up_the_black_bowl_on_the_wooden_cabinet_and_place_it_on_the_plate,12,1,121,13,19012,property_sampler_clear_v1,0dc17b1ea7148e28989ea349e760fa6cc9e0c63bb966d2643f469aa47286c04a
9,pick_up_the_black_bowl_on_the_wooden_cabinet_and_place_it_on_the_plate,13,1,117,12,19013,property_sampler_clear_v1,7593be021b9834e61f0fa69058469dea798a17ed9bea12955fb0249fa20671c3
9,pick_up_the_black_bowl_on_the_wooden_cabinet_and_place_it_on_the_plate,14,1,114,12,19014,property_sampler_clear_v1,b01f498894cb88716088c445b0877ce5d88e6364313e9cb815b8244e5ff9690a
9,pick_up_the_black_bowl_on_the_wooden_cabinet_and_place_it_on_the_plate,15,1,115,12,19015,property_sampler_clear_v1,9a9ac7436aa6b1861dc58830b631ed6062175859293c8981709d1aeeb09dda68
9,pick_up_the_black_bowl_on_the_wooden_cabinet_and_place_it_on_the_plate,16,1,126,13,19016,property_sampler_clear_v1,075066f2e6142671661507a725324954a94a27d77164fb1f30645fb479e4a9d7
9,pick_up_the_black_bowl_on_the_wooden_cabinet_and_place_it_on_the_plate,17,1,118,12,19017,property_sampler_clear_v1,5a19a842283b7049f0fbbfb967ac98fd6e8c31ff218572535bf76b7184d3d139
9,pick_up_the_black_bowl_on_the_wooden_cabinet_and_place_it_on_the_plate,18,0,280,28,19018,property_sampler_clear_v1,205dc23d9ec069cb46f19aecf2b9cdec19a69186cd6fff845af935876775bc9d
9,pick_up_the_black_bowl_on_the_wooden_cabinet_and_place_it_on_the_plate,19,1,119,12,19019,property_sampler_clear_v1,bbe3cf4338088658629a89af7b2b132041cbc04d43fea3ff6edcd60cf3ef1ab6
9,pick_up_the_black_bowl_on_the_wooden_cabinet_and_place_it_on_the_plate,20,1,118,12,19020,property_sampler_clear_v1,fba4015cb63ec9dea199c57f2e24676700f4d082999be1bed7d999fc2c398e52
9,pick_up_the_black_bowl_on_the_wooden_cabinet_and_place_it_on_the_plate,21,1,126,13,19021,property_sampler_clear_v1,97f5d39b8e7b9fe908140504b66a70bef270463e94b73e5af577d0f9f91831ad
9,pick_up_the_black_bowl_on_the_wooden_cabinet_and_place_it_on_the_plate,22,1,109,11,19022,property_sampler_clear_v1,838dfae93020d8fd4f2ee438c95c7899d382a8049e1ca3072ef2ca64636b1b3c
9,pick_up_the_black_bowl_on_the_wooden_cabinet_and_place_it_on_the_plate,23,1,114,12,19023,property_sampler_clear_v1,ee94af077aa620d8e57cb7d3fc9418e5e25ee080aca8e0b97bdae6ae973b3da6
9,pick_up_the_black_bowl_on_the_wooden_cabinet_and_place_it_on_the_plate,24,0,280,28,19024,property_sampler_clear_v1,c65b5776347454d8078115a1ee3168153ced44fcc2c1f3f7619d9933a7655a42
9,pick_up_the_black_bowl_on_the_wooden_cabinet_and_place_it_on_the_plate,25,1,128,13,19025,property_sampler_clear_v1,0b130f813fa5d1f8b2c5f582ef7fbe05ed76a72bfe48f2d6d392965743be67bd
9,pick_up_the_black_bowl_on_the_wooden_cabinet_and_place_it_on_the_plate,26,1,115,12,19026,property_sampler_clear_v1,955d3ba9df2b8899d49021343b619d1d7a8f1745afd47139777c2a58959e7a39
9,pick_up_the_black_bowl_on_the_wooden_cabinet_and_place_it_on_the_plate,27,1,120,12,19027,property_sampler_clear_v1,618f897178f5507e8b355a7e3827b37836137340bf0b46bd853205a041e996b2
9,pick_up_the_black_bowl_on_the_wooden_cabinet_and_place_it_on_the_plate,28,1,112,12,19028,property_sampler_clear_v1,92648d54e32de4288ee7aa4721eb13b9fb04f0fd5665b6f0dc9127142f84c4fe
9,pick_up_the_black_bowl_on_the_wooden_cabinet_and_place_it_on_the_plate,29,1,121,13,19029,property_sampler_clear_v1,7cefff3bc811f5f3f10a9da4b6a5eed3b10c50696c946d6fca2630861f83adca
9,pick_up_the_black_bowl_on_the_wooden_cabinet_and_place_it_on_the_plate,30,1,122,13,19030,property_sampler_clear_v1,22728e05b09f7b2fb2ebeb4722518b61bb150d9f2d2f68eaa38fe6efa363dea4
9,pick_up_the_black_bowl_on_the_wooden_cabinet_and_place_it_on_the_plate,31,1,115,12,19031,property_sampler_clear_v1,45845e319b8488b6334b7e34c78163d03367866293e396af11fdd92b63473804
9,pick_up_the_black_bowl_on_the_wooden_cabinet_and_place_it_on_the_plate,32,1,125,13,19032,property_sampler_clear_v1,32e18eb61b0bcea78c10996511516578bbe8ce3438c856f1638a35dd5a63324a
9,pick_up_the_black_bowl_on_the_wooden_cabinet_and_place_it_on_the_plate,33,0,280,28,19033,property_sampler_clear_v1,ec53fc74fbd6a10eccbfaa442ef44a70244a2404d6f36084f5265ec33f612bd0
9,pick_up_the_black_bowl_on_the_wooden_cabinet_and_place_it_on_the_plate,34,1,115,12,19034,property_sampler_clear_v1,16f92a8f32b0138a7c3bd35d1fa40b5fb7ce22195d443a8ca2ef01255fd25b63
9,pick_up_the_black_bowl_on_the_wooden_cabinet_and_place_it_on_the_plate,35,1,119,12,19035,property_sampler_clear_v1,817fb36c5e9b5575ac09b35d4f909571f6947314e8162cb579476faf0d5e3240
9,pick_up_the_black_bowl_on_the_wooden_cabinet_and_place_it_on_the_plate,36,1,118,12,19036,property_sampler_clear_v1,6a5f395a34644ca906c9ff2d64466e321b755fd6cf58f9fcefb8785da990d508
9,pick_up_the_black_bowl_on_the_wooden_cabinet_and_place_it_on_the_plate,37,1,121,13,19037,property_sampler_clear_v1,8b72c5a76775c1a553f473340f92790f6cf46887a813335fa8ae690f4afe4719
9,pick_up_the_black_bowl_on_the_wooden_cabinet_and_place_it_on_the_plate,38,1,116,12,19038,property_sampler_clear_v1,9280bdfc2fc5a435a4eac15aa9474dc22f085600c208e5f35b09f40cab60128a
9,pick_up_the_black_bowl_on_the_wooden_cabinet_and_place_it_on_the_plate,39,1,118,12,19039,property_sampler_clear_v1,b901ed8cc2deb7d3f4b1c5861d574c35be508c2a82afb99f344a98bde0ee04ae
9,pick_up_the_black_bowl_on_the_wooden_cabinet_and_place_it_on_the_plate,40,0,280,28,19040,property_sampler_clear_v1,47f944de7eef3819633e79d492f9dc86ad82acdd523e0cb5399ad8df0f0e6e86
9,pick_up_the_black_bowl_on_the_wooden_cabinet_and_place_it_on_the_plate,41,1,128,13,19041,property_sampler_clear_v1,f16ecf53ffc187d185f887c7bf0bf9ecc063a3bd7621ae5c686f96ae586a2d01
9,pick_up_the_black_bowl_on_the_wooden_cabinet_and_place_it_on_the_plate,42,1,119,12,19042,property_sampler_clear_v1,a91a4fce384ffa07a27132b722252fea48161ff7dbccb1647f6b87a4780c0a7a
9,pick_up_the_black_bowl_on_the_wooden_cabinet_and_place_it_on_the_plate,43,1,115,12,19043,property_sampler_clear_v1,f521c9d0de151aaa0b574e25502ca2fb68c5e8f2dbdee9a0d4a941bc78eeece7
9,pick_up_the_black_bowl_on_the_wooden_cabinet_and_place_it_on_the_plate,44,1,115,12,19044,property_sampler_clear_v1,2c12da9abdc50f5ca67dda4ecb1f854e071c5fa0f0d31a317bd113ccf8a3ed0d
9,pick_up_the_black_bowl_on_the_wooden_cabinet_and_place_it_on_the_plate,45,1,124,13,19045,property_sampler_clear_v1,d4750e394aea516a84d89e539cbb11f48e5f50c98e87381a1049fefc222e3eca
9,pick_up_the_black_bowl_on_the_wooden_cabinet_and_place_it_on_the_plate,46,1,124,13,19046,property_sampler_clear_v1,68fd576fba8b0810cb6ab848db7cc4dbd598fa82c3df7d20570111d33c6e0171
9,pick_up_the_black_bowl_on_the_wooden_cabinet_and_place_it_on_the_plate,47,1,114,12,19047,property_sampler_clear_v1,f7ef05064c9b1a15df7400d855998b5bc076183c252eb269f635386abf0e42f2
9,pick_up_the_black_bowl_on_the_wooden_cabinet_and_place_it_on_the_plate,48,1,116,12,19048,property_sampler_clear_v1,70672b0a1176579ce3f3060f3a9d5b9f2259c537ae8a8691ba23ac2d7356cea7
9,pick_up_the_black_bowl_on_the_wooden_cabinet_and_place_it_on_the_plate,49,0,280,28,19049,property_sampler_clear_v1,96b67eadeb3e443e4b5d42948fbb405b04457ba6bc092ff4e5868722edb5b5b8
